Year,Firstname,Lastname,Category,Prize_Share,Motivation,Laureate_Id,Gender,Birth_Date,Birth_Country,Birth_City,Birth_Country_Code,Death_Date,Death_Country,Death_City,Death_Country_Code,Organization_Name,Organization_City,Organization_Country,Birth_Year
1901,Wilhelm Conrad,Röntgen,Physics,1,in recognition of the extraordinary services he has rendered by the discovery of the remarkable rays subsequently named after him,1,male,1845-03-27,Prussia (now Germany),Lennep (now Remscheid),DE,1923-02-10,Germany,Munich,DE,Munich University,Munich,Germany,1845
1901,Emil,von Behring,Medicine,1,for his work on serum therapy especially its application against diphtheria by which he has opened a new road in the domain of medical science and thereby placed in the hands of the physician a victorious weapon against illness and deaths,293,male,1854-03-15,Prussia (now Poland),Hansdorf (now Lawice),PL,1917-03-31,Germany,Marburg,DE,Marburg University,Marburg,Germany,1854
1901,Henry,Dunant,Peace,2,for his humanitarian efforts to help wounded soldiers and create international understanding,462,male,1828-05-08,Switzerland,Geneva,CH,1910-10-30,Switzerland,Heiden,CH,,,,1828
1901,Frédéric,Passy,Peace,2,for his lifelong work for international peace conferences diplomacy and arbitration,463,male,1822-05-20,France,Paris,FR,1912-06-12,France,Paris,FR,,,,1822
1901,Sully,Prudhomme,Literature,1,in special recognition of his poetic composition which gives evidence of lofty idealism artistic perfection and a rare combination of the qualities of both heart and intellect,569,male,1839-03-16,France,Paris,FR,1907-09-07,France,Châtenay,FR,,,,1839
1901,Jacobus H.,van 't Hoff,Chemistry,1,in recognition of the extraordinary services he has rendered by the discovery of the laws of chemical dynamics and osmotic pressure in solutions,160,male,1852-08-30,the Netherlands,Rotterdam,NL,1911-03-01,Germany,Berlin,DE,Berlin University,Berlin,Germany,1852
1902,Emil,Fischer,Chemistry,1,in recognition of the extraordinary services he has rendered by his work on sugar and purine syntheses,161,male,1852-10-09,Prussia (now Germany),Euskirchen,DE,1919-07-15,Germany,Berlin,DE,Berlin University,Berlin,Germany,1852
1902,Theodor,Mommsen,Literature,1,the greatest living master of the art of historical writing with special reference to his monumental work <I>A history of Rome</I>,571,male,1817-11-30,Schleswig (now Germany),Garding,DE,1903-11-01,Germany,Charlottenburg,DE,,,,1817
1902,Albert,Gobat,Peace,2,for his eminently practical administration of the Inter-Parliamentary Union,465,male,1843-05-21,Switzerland,Tramelan,CH,1914-03-16,Switzerland,Bern,CH,,,,1843
1902,Élie,Ducommun,Peace,2,for his untiring and skilful directorship of the Bern Peace Bureau,464,male,1833-02-19,Switzerland,Geneva,CH,1906-12-07,Switzerland,Bern,CH,,,,1833
1902,Pieter,Zeeman,Physics,2,in recognition of the extraordinary service they rendered by their researches into the influence of magnetism upon radiation phenomena,3,male,1865-05-25,the Netherlands,Zonnemaire,NL,1943-10-09,the Netherlands,Amsterdam,NL,Amsterdam University,Amsterdam,the Netherlands,1865
1902,Ronald,Ross,Medicine,1,for his work on malaria by which he has shown how it enters the organism and thereby has laid the foundation for successful research on this disease and methods of combating it,294,male,1857-05-13,India,Almora,IN,1932-09-16,United Kingdom,Putney Heath,GB,University College,Liverpool,United Kingdom,1857
1902,Hendrik A.,Lorentz,Physics,2,in recognition of the extraordinary service they rendered by their researches into the influence of magnetism upon radiation phenomena,2,male,1853-07-18,the Netherlands,Arnhem,NL,1928-02-04,the Netherlands,,NL,Leiden University,Leiden,the Netherlands,1853
1903,Pierre,Curie,Physics,4,in recognition of the extraordinary services they have rendered by their joint researches on the radiation phenomena discovered by Professor Henri Becquerel,5,male,1859-05-15,France,Paris,FR,1906-04-19,France,Paris,FR,École municipale de physique et de chimie industrielles (Municipal School of Industrial Physics and Chemistry),Paris,France,1859
1903,Randal,Cremer,Peace,1,for his longstanding and devoted effort in favour of the ideas of peace and arbitration,466,male,1828-03-18,United Kingdom,Fareham,GB,1908-07-22,United Kingdom,London,GB,,,,1828
1903,Henri,Becquerel,Physics,2,in recognition of the extraordinary services he has rendered by his discovery of spontaneous radioactivity,4,male,1852-12-15,France,Paris,FR,1908-08-25,France,,FR,École Polytechnique,Paris,France,1852
1903,Marie,Curie,Physics,4,in recognition of the extraordinary services they have rendered by their joint researches on the radiation phenomena discovered by Professor Henri Becquerel,6,female,1867-11-07,Russian Empire (now Poland),Warsaw,PL,1934-07-04,France,Sallanches,FR,Sorbonne University,Paris,France,1867
1903,Niels Ryberg,Finsen,Medicine,1,in recognition of his contribution to the treatment of diseases especially lupus vulgaris with concentrated light radiation whereby he has opened a new avenue for medical science,295,male,1860-12-15,Faroe Islands (Denmark),Thorshavn,DK,1904-09-24,Denmark,Copenhagen,DK,Finsen Medical Light Institute,Copenhagen,Denmark,1860
1903,Bjørnstjerne,Bjørnson,Literature,1,as a tribute to his noble magnificent and versatile poetry which has always been distinguished by both the freshness of its inspiration and the rare purity of its spirit,572,male,1832-12-08,Norway,Kvikne,NO,1910-04-26,France,Paris,FR,,,,1832
1903,Svante,Arrhenius,Chemistry,1,in recognition of the extraordinary services he has rendered to the advancement of chemistry by his electrolytic theory of dissociation,162,male,1859-02-19,Sweden,Vik,SE,1927-10-02,Sweden,Stockholm,SE,Stockholm University,Stockholm,Sweden,1859
1904,José,Echegaray,Literature,2,in recognition of the numerous and brilliant compositions which in an individual and original manner have revived the great traditions of the Spanish drama,574,male,1832-04-19,Spain,Madrid,ES,1916-09-04,Spain,Madrid,ES,,,,1832
1904,Lord,Rayleigh,Physics,1,for his investigations of the densities of the most important gases and for his discovery of argon in connection with these studies,8,male,1842-11-12,United Kingdom,Langford Grove Maldon Essex,GB,1919-06-30,United Kingdom,,GB,Royal Institution of Great Britain,London,United Kingdom,1842
1904,Institute of International Law,,Peace,1,for its striving in public law to develop peaceful ties between nations and to make the laws of war more humane,467,org,,,,,,,,,,,,1873
1904,Sir William,Ramsay,Chemistry,1,in recognition of his services in the discovery of the inert gaseous elements in air and his determination of their place in the periodic system,163,male,1852-10-02,Scotland,Glasgow,GB,1916-07-23,United Kingdom,High Wycombe,GB,University College,London,United Kingdom,1852
1904,Ivan,Pavlov,Medicine,1,in recognition of his work on the physiology of digestion through which knowledge on vital aspects of the subject has been transformed and enlarged,296,male,1849-09-14,Russia,Ryazan,RU,1936-02-27,Russia,Leningrad,RU,Military Medical Academy,St. Petersburg,Russia,1849
1904,Frédéric,Mistral,Literature,2,in recognition of the fresh originality and true inspiration of his poetic production which faithfully reflects the natural scenery and native spirit of his people and in addition his significant work as a Proven&ccedil;al philologist,573,male,1830-09-08,France,Maillane,FR,1914-03-25,France,Maillane,FR,,,,1830
1905,Adolf,von Baeyer,Chemistry,1,in recognition of his services in the advancement of organic chemistry and the chemical industry through his work on organic dyes and hydroaromatic compounds,164,male,1835-10-31,Prussia (now Germany),Berlin,DE,1917-08-20,Germany,Starnberg,DE,Munich University,Munich,Germany,1835
1905,Henryk,Sienkiewicz,Literature,1,because of his outstanding merits as an epic writer,575,male,1846-05-05,Poland,Wola Okrzejska,PL,1916-11-15,Switzerland,Vevey,CH,,,,1846
1905,Philipp,Lenard,Physics,1,for his work on cathode rays,9,male,1862-06-07,Hungary (now Slovakia),Pressburg (now Bratislava),SK,1947-05-20,Germany,Messelhausen,DE,Kiel University,Kiel,Germany,1862
1905,Bertha,von Suttner,Peace,1,for her audacity to oppose the horrors of war,468,female,1843-06-09,Austrian Empire (now Czech Republic),Prague,CZ,1914-06-21,Austria,Vienna,AT,,,,1843
1905,Robert,Koch,Medicine,1,for his investigations and discoveries in relation to tuberculosis,297,male,1843-12-11,Germany,Clausthal (now Clausthal-Zellerfeld),DE,1910-05-27,Germany,Baden-Baden,DE,Institute for Infectious Diseases,Berlin,Germany,1843
1906,Giosuè,Carducci,Literature,1,not only in consideration of his deep learning and critical research but above all as a tribute to the creative energy freshness of style and lyrical force which characterize his poetic masterpieces,576,male,1835-07-27,Tuscany (now Italy),Val di Castello,IT,1907-02-16,Italy,Bologna,IT,,,,1835
1906,Theodore,Roosevelt,Peace,1,for his role in bringing to an end the bloody war recently waged between two of the world's great powers Japan and Russia,470,male,1858-10-27,USA,New York NY,US,1919-01-06,USA,Oyster Bay NY,US,,,,1858
1906,J.J.,Thomson,Physics,1,in recognition of the great merits of his theoretical and experimental investigations on the conduction of electricity by gases,10,male,1856-12-18,United Kingdom,Cheetham Hill,GB,1940-08-30,United Kingdom,Cambridge,GB,University of Cambridge,Cambridge,United Kingdom,1856
1906,Santiago,Ramón y Cajal,Medicine,2,in recognition of their work on the structure of the nervous system,299,male,1852-05-01,Spain,Petilla de Aragón,ES,1934-10-17,Spain,Madrid,ES,Madrid University,Madrid,Spain,1852
1906,Henri,Moissan,Chemistry,1,in recognition of the great services rendered by him in his investigation and isolation of the element fluorine and for the adoption in the service of science of the electric furnace called after him,165,male,1852-09-28,France,Paris,FR,1907-02-20,France,Paris,FR,Sorbonne University,Paris,France,1852
1906,Camillo,Golgi,Medicine,2,in recognition of their work on the structure of the nervous system,298,male,1843-07-07,Italy,Corteno,IT,1926-01-21,Italy,Pavia,IT,Pavia University,Pavia,Italy,1843
1907,Alphonse,Laveran,Medicine,1,in recognition of his work on the role played by protozoa in causing diseases,300,male,1845-06-18,France,Paris,FR,1922-05-18,France,Paris,FR,Institut Pasteur,Paris,France,1845
1907,Eduard,Buchner,Chemistry,1,for his biochemical researches and his discovery of cell-free fermentation,166,male,1860-05-20,Bavaria (now Germany),Munich,DE,1917-08-13,Romania,Focsani,RO,Landwirtschaftliche Hochschule (Agricultural College),Berlin,Germany,1860
1907,Rudyard,Kipling,Literature,1,in consideration of the power of observation originality of imagination virility of ideas and remarkable talent for narration which characterize the creations of this world-famous author,577,male,1865-12-30,British India (now India),Bombay (now Mumbai),IN,1936-01-18,United Kingdom,London,GB,,,,1865
1907,Louis,Renault,Peace,2,for his decisive influence upon the conduct and outcome of the Hague and Geneva Conferences,472,male,1843-05-21,France,Autun,FR,1918-02-08,France,Barbizon,FR,Sorbonne University,Paris,France,1843
1907,Ernesto Teodoro,Moneta,Peace,2,for his work in the press and in peace meetings both public and private for an understanding between France and Italy,471,male,1833-09-20,Austrian Empire (now Italy),Milan,IT,1918-02-10,Italy,Milan,IT,,,,1833
1907,Albert A.,Michelson,Physics,1,for his optical precision instruments and the spectroscopic and metrological investigations carried out with their aid,11,male,1852-12-19,Prussia (now Poland),Strelno (now Strzelno),PL,1931-05-09,USA,Pasadena CA,US,University of Chicago,Chicago IL,USA,1852
1908,Ernest,Rutherford,Chemistry,1,for his investigations into the disintegration of the elements and the chemistry of radioactive substances,167,male,1871-08-30,New Zealand,Nelson,NZ,1937-10-19,United Kingdom,Cambridge,GB,Victoria University,Manchester,United Kingdom,1871
1908,Rudolf,Eucken,Literature,1,in recognition of his earnest search for truth his penetrating power of thought his wide range of vision and the warmth and strength in presentation with which in his numerous works he has vindicated and developed an idealistic philosophy of life,578,male,1846-01-05,East Friesland (now Germany),Aurich,DE,1926-09-14,Germany,Jena,DE,,,,1846
1908,Fredrik,Bajer,Peace,2,for their long time work for the cause of peace as politicians peace society leaders orators and authors,474,male,1837-04-21,Denmark,Næstved,DK,1922-01-22,Denmark,Copenhagen,DK,,,,1837
1908,Ilya,Mechnikov,Medicine,2,in recognition of their work on immunity,301,male,1845-05-15,Russian Empire (now Ukraine),Kharkov (now Kharkiv),UA,1916-07-15,France,Paris,FR,Institut Pasteur,Paris,France,1845
1908,Paul,Ehrlich,Medicine,2,in recognition of their work on immunity,302,male,1854-03-14,Prussia (now Poland),Strehlen (now Strzelin),PL,1915-08-20,Germany,Bad Homburg vor der Höhe,DE,Goettingen University,Göttingen,Germany,1854
1908,Klas Pontus,Arnoldson,Peace,2,for their long time work for the cause of peace as politicians peace society leaders orators and authors,473,male,1844-10-27,Sweden,Gothenburg,SE,1916-02-20,Sweden,Stockholm,SE,,,,1844
1908,Gabriel,Lippmann,Physics,1,for his method of reproducing colours photographically based on the phenomenon of interference,12,male,1845-08-16,Luxembourg,Hollerich,LU,1921-07-13,,,,Sorbonne University,Paris,France,1845
1909,Guglielmo,Marconi,Physics,2,in recognition of their contributions to the development of wireless telegraphy,13,male,1874-04-25,Italy,Bologna,IT,1937-07-20,Italy,Rome,IT,Marconi Wireless Telegraph Co. Ltd.,London,United Kingdom,1874
1909,Theodor,Kocher,Medicine,1,for his work on the physiology pathology and surgery of the thyroid gland,303,male,1841-08-25,Switzerland,Bern,CH,1917-07-27,Switzerland,Bern,CH,Berne University,Bern,Switzerland,1841
1909,Selma,Lagerlöf,Literature,1,in appreciation of the lofty idealism vivid imagination and spiritual perception that characterize her writings,579,female,1858-11-20,Sweden,Mårbacka,SE,1940-03-16,Sweden,Mårbacka,SE,,,,1858
1909,Wilhelm,Ostwald,Chemistry,1,in recognition of his work on catalysis and for his investigations into the fundamental principles governing chemical equilibria and rates of reaction,168,male,1853-09-02,Russian Empire (now Latvia),Riga,LV,1932-04-04,Germany,Leipzig,DE,Leipzig University,Leipzig,Germany,1853
1909,Ferdinand,Braun,Physics,2,in recognition of their contributions to the development of wireless telegraphy,14,male,1850-06-06,Hesse-Kassel (now Germany),Fulda,DE,1918-04-20,USA,Brooklyn NY,US,Strasbourg University,Strasbourg,Germany (now France),1850
1909,Auguste,Beernaert,Peace,2,for their prominent position in the international movement for peace and arbitration,475,male,1829-07-26,Belgium,Ostend,BE,1912-10-06,Switzerland,Lucerne,CH,,,,1829
1909,Paul Henri,d'Estournelles de Constant,Peace,2,for their prominent position in the international movement for peace and arbitration,476,male,1852-11-22,France,La Flèche,FR,1924-05-15,France,Paris,FR,,,,1852
1910,Paul,Heyse,Literature,1,as a tribute to the consummate artistry permeated with idealism which he has demonstrated during his long productive career as a lyric poet dramatist novelist and writer of world-renowned short stories,580,male,1830-03-15,Prussia (now Germany),Berlin,DE,1914-04-02,Germany,Munich,DE,,,,1830
1910,Permanent International Peace Bureau,,Peace,1,for acting as a link between the peace societies of the various countries and helping them to organize the world rallies of the international peace movement,477,org,,,,,,,,,,,,1891
1910,Johannes Diderik,van der Waals,Physics,1,for his work on the equation of state for gases and liquids,15,male,1837-11-23,the Netherlands,Leiden,NL,1923-03-08,the Netherlands,Amsterdam,NL,Amsterdam University,Amsterdam,the Netherlands,1837
1910,Albrecht,Kossel,Medicine,1,in recognition of the contributions to our knowledge of cell chemistry made through his work on proteins including the nucleic substances,304,male,1853-09-16,Mecklenburg (now Germany),Rostock,DE,1927-07-05,Germany,Heidelberg,DE,University of Heidelberg,Heidelberg,Germany,1853
1910,Otto,Wallach,Chemistry,1,in recognition of his services to organic chemistry and the chemical industry by his pioneer work in the field of alicyclic compounds,169,male,1847-03-27,Germany (now Russia),Koenigsberg (now Kaliningrad),RU,1931-02-26,Germany,Göttingen,DE,Goettingen University,Göttingen,Germany,1847
1911,Alfred,Fried,Peace,2,for his effort to expose and fight what he considers to be the main cause of war namely the anarchy in international relations,479,male,1864-11-11,Austria,Vienna,AT,1921-05-04,Austria,Vienna,AT,,,,1864
1911,Tobias,Asser,Peace,2,for his role as co-founder of the Institut de droit international initiator of the Conferences on International Private Law (Conférences de Droit international privé) at the Hague and pioneer in the field of international legal relations,478,male,1838-04-28,the Netherlands,Amsterdam,NL,1913-07-29,the Netherlands,the Hague,NL,,,,1838
1911,Marie,Curie,Chemistry,1,in recognition of her services to the advancement of chemistry by the discovery of the elements radium and polonium by the isolation of radium and the study of the nature and compounds of this remarkable element,6,female,1867-11-07,Russian Empire (now Poland),Warsaw,PL,1934-07-04,France,Sallanches,FR,Sorbonne University,Paris,France,1867
1911,Wilhelm,Wien,Physics,1,for his discoveries regarding the laws governing the radiation of heat,16,male,1864-01-13,Prussia (now Russia),Gaffken (now Parusnoye),RU,1928-08-30,Germany,Munich,DE,Würzburg University,Würzburg,Germany,1864
1911,Maurice,Maeterlinck,Literature,1,in appreciation of his many-sided literary activities and especially of his dramatic works which are distinguished by a wealth of imagination and by a poetic fancy which reveals sometimes in the guise of a fairy tale a deep inspiration while in a mysterious way they appeal to the readers' own feelings and stimulate their imaginations,581,male,1862-08-29,Belgium,Ghent,BE,1949-05-06,France,Nice,FR,,,,1862
1911,Allvar,Gullstrand,Medicine,1,for his work on the dioptrics of the eye,305,male,1862-06-05,Sweden,Landskrona,SE,1930-07-28,Sweden,Stockholm,SE,Uppsala University,Uppsala,Sweden,1862
1912,Gerhart,Hauptmann,Literature,1,primarily in recognition of his fruitful varied and outstanding production in the realm of dramatic art,582,male,1862-11-15,Prussia (now Poland),Bad Salzbrunn,PL,1946-06-06,Germany (now Poland),Agnetendorf (now Jagniatków),PL,,,,1862
1912,Alexis,Carrel,Medicine,1,in recognition of his work on vascular suture and the transplantation of blood vessels and organs,306,male,1873-06-28,France,Sainte-Foy-lès-Lyon,FR,1944-11-05,France,Paris,FR,Rockefeller Institute for Medical Research,New York NY,USA,1873
1912,Paul,Sabatier,Chemistry,2,for his method of hydrogenating organic compounds in the presence of finely disintegrated metals whereby the progress of organic chemistry has been greatly advanced in recent years,173,male,1854-11-05,France,Carcassonne,FR,1941-08-14,France,Toulouse,FR,Toulouse University,Toulouse,France,1854
1912,Victor,Grignard,Chemistry,2,for the discovery of the so-called Grignard reagent which in recent years has greatly advanced the progress of organic chemistry,172,male,1871-05-06,France,Cherbourg,FR,1935-12-13,France,Lyon,FR,Nancy University,Nancy,France,1871
1912,Gustaf,Dalén,Physics,1,for his invention of automatic regulators for use in conjunction with gas accumulators for illuminating lighthouses and buoys,17,male,1869-11-30,Sweden,Stenstorp,SE,1937-12-09,Sweden,Stockholm,SE,Swedish Gas-Accumulator Co.,Lidingö Stockholm,Sweden,1869
1912,Elihu,Root,Peace,1,for bringing about better understanding between the countries of North and South America and initiating important arbitration agreements between the United States and other countries,480,male,1845-02-15,USA,Clinton NY,US,1937-02-07,USA,New York NY,US,,,,1845
1913,Charles,Richet,Medicine,1,in recognition of his work on anaphylaxis,307,male,1850-08-26,France,Paris,FR,1935-12-04,France,Paris,FR,Sorbonne University,Paris,France,1850
1913,Alfred,Werner,Chemistry,1,in recognition of his work on the linkage of atoms in molecules by which he has thrown new light on earlier investigations and opened up new fields of research especially in inorganic chemistry,174,male,1866-12-12,France,Mulhouse,FR,1919-11-15,Switzerland,Zurich,CH,University of Zurich,Zurich,Switzerland,1866
1913,Henri,La Fontaine,Peace,1,for his unparalleled contribution to the organization of peaceful internationalism,481,male,1854-04-22,Belgium,Brussels,BE,1943-05-14,Belgium,Brussels,BE,,,,1854
1913,Rabindranath,Tagore,Literature,1,because of his profoundly sensitive fresh and beautiful verse by which with consummate skill he has made his poetic thought expressed in his own English words a part of the literature of the West,583,male,1861-05-07,India,Calcutta,IN,1941-08-07,India,Calcutta,IN,,,,1861
1913,Heike,Kamerlingh Onnes,Physics,1,for his investigations on the properties of matter at low temperatures which led inter alia to the production of liquid helium,18,male,1853-09-21,the Netherlands,Groningen,NL,1926-02-21,the Netherlands,Leiden,NL,Leiden University,Leiden,the Netherlands,1853
1914,Max,von Laue,Physics,1,for his discovery of the diffraction of X-rays by crystals,19,male,1879-10-09,Germany,Pfaffendorf,DE,1960-04-23,West Germany (now Germany),Berlin,DE,Frankfurt-on-the-Main University,Frankfurt-on-the-Main,Germany,1879
1914,Robert,Bárány,Medicine,1,for his work on the physiology and pathology of the vestibular apparatus,308,male,1876-04-22,Austria,Vienna,AT,1936-04-08,Sweden,Uppsala,SE,Vienna University,Vienna,Austria,1876
1914,Theodore W.,Richards,Chemistry,1,in recognition of his accurate determinations of the atomic weight of a large number of chemical elements,175,male,1868-01-31,USA,Germantown PA,US,1928-04-02,USA,Cambridge MA,US,Harvard University,Cambridge MA,USA,1868
1915,William,Bragg,Physics,2,for their services in the analysis of crystal structure by means of X-rays,20,male,1862-07-02,United Kingdom,Wigton,GB,1942-03-12,United Kingdom,London,GB,University College,London,United Kingdom,1862
1915,Lawrence,Bragg,Physics,2,for their services in the analysis of crystal structure by means of X-rays,21,male,1890-03-31,Australia,Adelaide,AU,1971-07-01,United Kingdom,Ipswich,GB,Victoria University,Manchester,United Kingdom,1890
1915,Richard,Willstätter,Chemistry,1,for his researches on plant pigments especially chlorophyll,176,male,1872-08-13,Germany,Karlsruhe,DE,1942-08-03,Switzerland,Locarno,CH,Kaiser-Wilhelm-Institut (now Max-Planck Institut) für Chemie,Berlin-Dahlem,Germany,1872
1915,Romain,Rolland,Literature,1,as a tribute to the lofty idealism of his literary production and to the sympathy and love of truth with which he has described different types of human beings,584,male,1866-01-29,France,Clamecy,FR,1944-12-30,France,Vézelay,FR,,,,1866
1916,Verner,von Heidenstam,Literature,1,in recognition of his significance as the leading representative of a new era in our literature,585,male,1859-07-06,Sweden,Olshammar,SE,1940-05-20,Sweden,Övralid,SE,,,,1859
1917,International Committee of the Red Cross,,Peace,1,for the efforts to take care of wounded soldiers and prisoners of war and their families,482,org,,,,,,,,,,,,1863
1917,Charles Glover,Barkla,Physics,1,for his discovery of the characteristic R&ouml;ntgen radiation of the elements,22,male,1877-06-07,United Kingdom,Widnes,GB,1944-10-23,Scotland,Edinburgh,GB,Edinburgh University,Edinburgh,United Kingdom,1877
1917,Karl,Gjellerup,Literature,2,for his varied and rich poetry which is inspired by lofty ideals,586,male,1857-06-02,Denmark,Roholte,DK,1919-10-11,Germany,Klotzsche,DE,,,,1857
1917,Henrik,Pontoppidan,Literature,2,for his authentic descriptions of present-day life in Denmark,587,male,1857-07-24,Denmark,Fredericia,DK,1943-08-21,Denmark,Ordrup,DK,,,,1857
1918,Max,Planck,Physics,1,in recognition of the services he rendered to the advancement of Physics by his discovery of energy quanta,23,male,1858-04-23,Schleswig (now Germany),Kiel,DE,1947-10-04,West Germany (now Germany),Göttingen,DE,Berlin University,Berlin,Germany,1858
1918,Fritz,Haber,Chemistry,1,for the synthesis of ammonia from its elements,177,male,1868-12-09,Prussia (now Poland),Breslau (now Wroclaw),PL,1934-01-29,Switzerland,Basel,CH,Kaiser-Wilhelm-Institut (now Fritz-Haber-Institut) für physikalische Chemie und Electrochemie,Berlin-Dahlem,Germany,1868
1919,Woodrow,Wilson,Peace,1,for his role as founder of the League of Nations,483,male,1856-12-28,USA,Staunton VA,US,1924-02-03,USA,Washington D.C.,US,,,,1856
1919,Jules,Bordet,Medicine,1,for his discoveries relating to immunity,309,male,1870-06-13,Belgium,Soignies,BE,1961-04-06,Belgium,Brussels,BE,Brussels University,Brussels,Belgium,1870
1919,Johannes,Stark,Physics,1,for his discovery of the Doppler effect in canal rays and the splitting of spectral lines in electric fields,24,male,1874-04-15,Germany,Schickenhof,DE,1957-06-21,West Germany (now Germany),Traunstein,DE,Greifswald University,Greifswald,Germany,1874
1919,Carl,Spitteler,Literature,1,in special appreciation of his epic <I>Olympian Spring</I>,588,male,1845-04-24,Switzerland,Liestal,CH,1924-12-29,Switzerland,Lucerne,CH,,,,1845
1920,Charles Edouard,Guillaume,Physics,1,in recognition of the service he has rendered to precision measurements in Physics by his discovery of anomalies in nickel steel alloys,25,male,1861-02-15,Switzerland,Fleurier,CH,1938-06-13,France,Sèvres,FR,Bureau International des Poids et Mesures (International Bureau of Weights and Measures),Sèvres,France,1861
1920,Walther,Nernst,Chemistry,1,in recognition of his work in thermochemistry,178,male,1864-06-25,Prussia (now Poland),Briesen (now Wąbrzeźno),PL,1941-11-18,Germany,Muskau,DE,Berlin University,Berlin,Germany,1864
1920,August,Krogh,Medicine,1,for his discovery of the capillary motor regulating mechanism,310,male,1874-11-15,Denmark,Grenå,DK,1949-09-13,Denmark,Copenhagen,DK,Copenhagen University,Copenhagen,Denmark,1874
1920,Léon,Bourgeois,Peace,1,for his longstanding contribution to the cause of peace and justice and his prominent role in the establishment of the League of Nations,484,male,1851-05-21,France,Paris,FR,1925-09-29,France,Épernay,FR,,,,1851
1920,Knut,Hamsun,Literature,1,for his monumental work <I>Growth of the Soil</I>,589,male,1859-08-04,Norway,Lom,NO,1952-02-19,Norway,Grimstad,NO,,,,1859
1921,Anatole,France,Literature,1,in recognition of his brilliant literary achievements characterized as they are by a nobility of style a profound human sympathy grace and a true Gallic temperament,590,male,1844-04-16,France,Paris,FR,1924-10-12,France,Saint-Cyr-sur-Loire,FR,,,,1844
1921,Hjalmar,Branting,Peace,2,for their lifelong contributions to the cause of peace and organized internationalism,485,male,1860-11-23,Sweden,Stockholm,SE,1925-02-24,Sweden,Stockholm,SE,,,,1860
1921,Albert,Einstein,Physics,1,for his services to Theoretical Physics and especially for his discovery of the law of the photoelectric effect,26,male,1879-03-14,Germany,Ulm,DE,1955-04-18,USA,Princeton NJ,US,Kaiser-Wilhelm-Institut (now Max-Planck-Institut) für Physik,Berlin,Germany,1879
1921,Frederick,Soddy,Chemistry,1,for his contributions to our knowledge of the chemistry of radioactive substances and his investigations into the origin and nature of isotopes,179,male,1877-09-02,United Kingdom,Eastbourne,GB,1956-09-22,United Kingdom,Brighton,GB,University of Oxford,Oxford,United Kingdom,1877
1921,Christian,Lange,Peace,2,for their lifelong contributions to the cause of peace and organized internationalism,486,male,1869-09-17,Norway,Stavanger,NO,1938-12-11,Norway,Oslo,NO,,,,1869
1922,Niels,Bohr,Physics,1,for his services in the investigation of the structure of atoms and of the radiation emanating from them,27,male,1885-10-07,Denmark,Copenhagen,DK,1962-11-18,Denmark,Copenhagen,DK,Copenhagen University,Copenhagen,Denmark,1885
1922,Fridtjof,Nansen,Peace,1,for his leading role in the repatriation of prisoners of war in international relief work and as the League of Nations' High Commissioner for refugees,487,male,1861-10-10,Norway,Kristiania (now Oslo),NO,1930-05-13,Norway,Oslo,NO,,,,1861
1922,Francis W.,Aston,Chemistry,1,for his discovery by means of his mass spectrograph of isotopes in a large number of non-radioactive elements and for his enunciation of the whole-number rule,180,male,1877-09-01,United Kingdom,Harborne,GB,1945-11-20,United Kingdom,Cambridge,GB,University of Cambridge,Cambridge,United Kingdom,1877
1922,Otto,Meyerhof,Medicine,2,for his discovery of the fixed relationship between the consumption of oxygen and the metabolism of lactic acid in the muscle,312,male,1884-04-12,Germany,Hanover,DE,1951-10-06,USA,Philadelphia PA,US,Kiel University,Kiel,Germany,1884
1922,Jacinto,Benavente,Literature,1,for the happy manner in which he has continued the illustrious traditions of the Spanish drama,592,male,1866-08-12,Spain,Madrid,ES,1954-07-14,Spain,Madrid,ES,,,,1866
1922,Archibald V.,Hill,Medicine,2,for his discovery relating to the production of heat in the muscle,311,male,1886-09-26,United Kingdom,Bristol,GB,1977-06-03,United Kingdom,Cambridge,GB,London University,London,United Kingdom,1886
1923,Frederick G.,Banting,Medicine,2,for the discovery of insulin,313,male,1891-11-14,Canada,Alliston,CA,1941-02-21,Canada,Newfoundland,CA,University of Toronto,Toronto,Canada,1891
1923,John,Macleod,Medicine,2,for the discovery of insulin,314,male,1876-09-06,Scotland,Cluny,GB,1935-03-16,Scotland,Aberdeen,GB,University of Toronto,Toronto,Canada,1876
1923,Robert A.,Millikan,Physics,1,for his work on the elementary charge of electricity and on the photoelectric effect,28,male,1868-03-22,USA,Morrison IL,US,1953-12-19,USA,San Marino CA,US,California Institute of Technology (Caltech),Pasadena CA,USA,1868
1923,Fritz,Pregl,Chemistry,1,for his invention of the method of micro-analysis of organic substances,181,male,1869-09-03,Austria-Hungary (now Slovenia),Laibach (now Ljubljana),SI,1930-12-13,Austria,Graz,AT,Graz University,Graz,Austria,1869
1923,William Butler,Yeats,Literature,1,for his always inspired poetry which in a highly artistic form gives expression to the spirit of a whole nation,593,male,1865-06-13,Ireland,Dublin,IE,1939-01-28,France,Roquebrune-Cap-Martin,FR,,,,1865
1924,Wladyslaw,Reymont,Literature,1,for his great national epic <I>The Peasants</I>,594,male,1867-05-07,Russian Empire (now Poland),Kobiele Wielkie,PL,1925-12-05,Poland,Warsaw,PL,,,,1867
1924,Willem,Einthoven,Medicine,1,for his discovery of the mechanism of the electrocardiogram,315,male,1860-05-21,Java Dutch East Indies (now Indonesia),Semarang,ID,1927-09-29,the Netherlands,Leiden,NL,Leiden University,Leiden,the Netherlands,1860
1924,Manne,Siegbahn,Physics,1,for his discoveries and research in the field of X-ray spectroscopy,29,male,1886-12-03,Sweden,Örebro,SE,1978-09-26,Sweden,Stockholm,SE,Uppsala University,Uppsala,Sweden,1886
1925,James,Franck,Physics,2,for their discovery of the laws governing the impact of an electron upon an atom,30,male,1882-08-26,Germany,Hamburg,DE,1964-05-21,West Germany (now Germany),Göttingen,DE,Goettingen University,Göttingen,Germany,1882
1925,Gustav,Hertz,Physics,2,for their discovery of the laws governing the impact of an electron upon an atom,31,male,1887-07-22,Germany,Hamburg,DE,1975-10-30,East Germany (now Germany),Berlin,DE,Halle University,Halle,Germany,1887
1925,Sir Austen,Chamberlain,Peace,2,for his crucial role in bringing about the Locarno Treaty,488,male,1863-10-16,United Kingdom,Birmingham,GB,1937-03-16,United Kingdom,London,GB,,,,1863
1925,Charles G.,Dawes,Peace,2,for his crucial role in bringing about the Dawes Plan,489,male,1865-08-27,USA,Marietta OH,US,1951-04-23,USA,Evanston IL,US,,,,1865
1925,Richard,Zsigmondy,Chemistry,1,for his demonstration of the heterogenous nature of colloid solutions and for the methods he used which have since become fundamental in modern colloid chemistry,182,male,1865-04-01,Austrian Empire (now Austria),Vienna,AT,1929-09-24,Germany,Göttingen,DE,Goettingen University,Göttingen,Germany,1865
1925,George Bernard,Shaw,Literature,1,for his work which is marked by both idealism and humanity its stimulating satire often being infused with a singular poetic beauty,596,male,1856-07-26,Ireland,Dublin,IE,1950-11-02,United Kingdom,Ayot St. Lawrence,GB,,,,1856
1926,Gustav,Stresemann,Peace,2,for their crucial role in bringing about the Locarno Treaty,491,male,1878-05-10,Germany,Berlin,DE,1929-10-03,Germany,Berlin,DE,,,,1878
1926,Aristide,Briand,Peace,2,for their crucial role in bringing about the Locarno Treaty,490,male,1862-03-28,France,Nantes,FR,1932-03-07,France,Paris,FR,,,,1862
1926,Grazia,Deledda,Literature,1,for her idealistically inspired writings which with plastic clarity picture the life on her native island and with depth and sympathy deal with human problems in general,597,female,1871-09-27,Italy,Nuoro Sardinia,IT,1936-08-15,Italy,Rome,IT,,,,1871
1926,Johannes,Fibiger,Medicine,1,for his discovery of the Spiroptera carcinoma,316,male,1867-04-23,Denmark,Silkeborg,DK,1928-01-30,Denmark,Copenhagen,DK,Copenhagen University,Copenhagen,Denmark,1867
1926,Jean Baptiste,Perrin,Physics,1,for his work on the discontinuous structure of matter and especially for his discovery of sedimentation equilibrium,32,male,1870-09-30,France,Lille,FR,1942-04-17,USA,New York NY,US,Sorbonne University,Paris,France,1870
1926,The,Svedberg,Chemistry,1,for his work on disperse systems,183,male,1884-08-30,Sweden,Fleräng,SE,1971-02-25,Sweden,Örebro,SE,Uppsala University,Uppsala,Sweden,1884
1927,Henri,Bergson,Literature,1,in recognition of his rich and vitalizing ideas and the brilliant skill with which they have been presented,600,male,1859-10-18,France,Paris,FR,1941-01-04,France,Paris,FR,,,,1859
1927,Ludwig,Quidde,Peace,2,for their contribution to the emergence in France and Germany of a public opinion which favours peaceful international cooperation,493,male,1858-03-23,Germany,Bremen,DE,1941-03-04,Switzerland,Geneva,CH,,,,1858
1927,Arthur H.,Compton,Physics,2,for his discovery of the effect named after him,33,male,1892-09-10,USA,Wooster OH,US,1962-03-15,USA,Berkeley CA,US,University of Chicago,Chicago IL,USA,1892
1927,C.T.R.,Wilson,Physics,2,for his method of making the paths of electrically charged particles visible by condensation of vapour,34,male,1869-02-14,Scotland,Glencorse,GB,1959-11-15,Scotland,Carlops,GB,University of Cambridge,Cambridge,United Kingdom,1869
1927,Julius,Wagner-Jauregg,Medicine,1,for his discovery of the therapeutic value of malaria inoculation in the treatment of dementia paralytica,317,male,1857-03-07,Austria,Wels,AT,1940-09-27,Austria,Vienna,AT,Vienna University,Vienna,Austria,1857
1927,Heinrich,Wieland,Chemistry,1,for his investigations of the constitution of the bile acids and related substances,184,male,1877-06-04,Germany,Pforzheim,DE,1957-08-05,West Germany (now Germany),Munich,DE,Munich University,Munich,Germany,1877
1927,Ferdinand,Buisson,Peace,2,for their contribution to the emergence in France and Germany of a public opinion which favours peaceful international cooperation,492,male,1841-12-20,France,Paris,FR,1932-02-16,France,Thieuloy-Saint-Antoine,FR,,,,1841
1928,Charles,Nicolle,Medicine,1,for his work on typhus,318,male,1866-09-21,France,Rouen,FR,1936-02-28,Tunisia,Tunis,TN,Institut Pasteur,Tunis,Tunisia,1866
1928,Adolf,Windaus,Chemistry,1,for the services rendered through his research into the constitution of the sterols and their connection with the vitamins,185,male,1876-12-25,Germany,Berlin,DE,1959-06-09,West Germany (now Germany),Göttingen,DE,Goettingen University,Göttingen,Germany,1876
1928,Owen Willans,Richardson,Physics,1,for his work on the thermionic phenomenon and especially for the discovery of the law named after him,35,male,1879-04-26,United Kingdom,Dewsbury,GB,1959-02-15,United Kingdom,Alton,GB,London University,London,United Kingdom,1879
1928,Sigrid,Undset,Literature,1,principally for her powerful descriptions of Northern life during the Middle Ages,601,female,1882-05-20,Denmark,Kalundborg,DK,1949-06-10,Norway,Lillehammer,NO,,,,1882
1929,Arthur,Harden,Chemistry,2,for their investigations on the fermentation of sugar and fermentative enzymes,186,male,1865-10-12,United Kingdom,Manchester,GB,1940-06-17,United Kingdom,Bourne,GB,London University,London,United Kingdom,1865
1929,Hans,von Euler-Chelpin,Chemistry,2,for their investigations on the fermentation of sugar and fermentative enzymes,187,male,1873-02-15,Germany,Augsburg,DE,1964-11-06,Sweden,Stockholm,SE,Stockholm University,Stockholm,Sweden,1873
1929,Christiaan,Eijkman,Medicine,2,for his discovery of the antineuritic vitamin,319,male,1858-08-11,the Netherlands,Nijkerk,NL,1930-11-05,the Netherlands,Utrecht,NL,Utrecht University,Utrecht,the Netherlands,1858
1929,Louis,de Broglie,Physics,1,for his discovery of the wave nature of electrons,36,male,1892-08-15,France,Dieppe,FR,1987-03-19,France,Paris,FR,Sorbonne University Institut Henri Poincaré,Paris,France,1892
1929,Thomas,Mann,Literature,1,principally for his great novel <I>Buddenbrooks</I> which has won steadily increased recognition as one of the classic works of contemporary literature,602,male,1875-06-06,Germany,Lübeck,DE,1955-08-12,Switzerland,Zurich,CH,,,,1875
1929,Sir Frederick,Hopkins,Medicine,2,for his discovery of the growth-stimulating vitamins,320,male,1861-06-20,United Kingdom,Eastbourne,GB,1947-05-16,United Kingdom,Cambridge,GB,University of Cambridge,Cambridge,United Kingdom,1861
1929,Frank B.,Kellogg,Peace,1,for his crucial role in bringing about the Briand-Kellogg Pact,494,male,1856-12-22,USA,Potsdam NY,US,1937-12-21,USA,St. Paul MN,US,,,,1856
1930,Sinclair,Lewis,Literature,1,for his vigorous and graphic art of description and his ability to create with wit and humour new types of characters,603,male,1885-02-07,USA,Sauk Centre MN,US,1951-01-10,Italy,Rome,IT,,,,1885
1930,Karl,Landsteiner,Medicine,1,for his discovery of human blood groups,321,male,1868-06-14,Austrian Empire (now Austria),Vienna,AT,1943-06-26,USA,New York NY,US,Rockefeller Institute for Medical Research,New York NY,USA,1868
1930,Hans,Fischer,Chemistry,1,for his researches into the constitution of haemin and chlorophyll and especially for his synthesis of haemin,188,male,1881-07-27,Germany,Hoechst,DE,1945-03-31,Germany,Munich,DE,Technische Hochschule (Institute of Technology),Munich,Germany,1881
1930,Nathan,Söderblom,Peace,1,for promoting Christian unity and helping create 'that new attitude of mind which is necessary if peace between nations is to become reality',495,male,1866-01-15,Sweden,Trönö,SE,1931-07-12,Sweden,Uppsala,SE,,,,1866
1930,Sir Chandrasekhara Venkata,Raman,Physics,1,for his work on the scattering of light and for the discovery of the effect named after him,37,male,1888-11-07,India,Tiruchirappalli,IN,1970-11-21,India,Bangalore,IN,Calcutta University,Calcutta,India,1888
1931,Otto,Warburg,Medicine,1,for his discovery of the nature and mode of action of the respiratory enzyme,322,male,1883-10-08,Germany,Freiburg im Breisgau,DE,1970-08-01,West Germany (now Germany),West Berlin,DE,Kaiser-Wilhelm-Institut (now Max-Planck-Institut) für Biologie,Berlin-Dahlem,Germany,1883
1931,Carl,Bosch,Chemistry,2,in recognition of their contributions to the invention and development of chemical high pressure methods,189,male,1874-08-27,Germany,Cologne,DE,1940-04-26,Germany,Heidelberg,DE,University of Heidelberg,Heidelberg,Germany,1874
1931,Friedrich,Bergius,Chemistry,2,in recognition of their contributions to the invention and development of chemical high pressure methods,190,male,1884-10-11,Germany (now Poland),Goldschmieden near Breslau,PL,1949-03-30,Argentina,Buenos Aires,AR,University of Heidelberg,Heidelberg,Germany,1884
1931,Erik Axel,Karlfeldt,Literature,1,The poetry of Erik Axel Karlfeldt,604,male,1864-07-20,Sweden,Karlbo,SE,1931-04-08,Sweden,Stockholm,SE,,,,1864
1931,Jane,Addams,Peace,2,for their assiduous effort to revive the ideal of peace and to rekindle the spirit of peace in their own nation and in the whole of mankind,496,female,1860-09-06,USA,Cedarville IL,US,1935-05-21,USA,Chicago IL,US,,,,1860
1931,Nicholas Murray,Butler,Peace,2,for their assiduous effort to revive the ideal of peace and to rekindle the spirit of peace in their own nation and in the whole of mankind,497,male,1862-04-02,USA,Elizabeth NJ,US,1947-12-07,USA,New York NY,US,Columbia University,New York NY,USA,1862
1932,Edgar,Adrian,Medicine,2,for their discoveries regarding the functions of neurons,324,male,1889-11-30,United Kingdom,London,GB,1977-08-08,United Kingdom,Cambridge,GB,University of Cambridge,Cambridge,United Kingdom,1889
1932,Sir Charles,Sherrington,Medicine,2,for their discoveries regarding the functions of neurons,323,male,1857-11-27,United Kingdom,London,GB,1952-03-04,United Kingdom,Eastbourne,GB,University of Oxford,Oxford,United Kingdom,1857
1932,Werner,Heisenberg,Physics,1,for the creation of quantum mechanics the application of which has inter alia led to the discovery of the allotropic forms of hydrogen,38,male,1901-12-05,Germany,Würzburg,DE,1976-02-01,West Germany (now Germany),Munich,DE,Leipzig University,Leipzig,Germany,1901
1932,John,Galsworthy,Literature,1,for his distinguished art of narration which takes its highest form in <I>The Forsyte Saga</I>,605,male,1867-08-14,United Kingdom,Kingston Hill,GB,1933-01-31,United Kingdom,London,GB,,,,1867
1932,Irving,Langmuir,Chemistry,1,for his discoveries and investigations in surface chemistry,191,male,1881-01-31,USA,Brooklyn NY,US,1957-08-16,USA,Falmouth MA,US,General Electric Company,Schenectady NY,USA,1881
1933,Paul A.M.,Dirac,Physics,2,for the discovery of new productive forms of atomic theory,40,male,1902-08-08,United Kingdom,Bristol,GB,1984-10-20,USA,Tallahassee FL,US,University of Cambridge,Cambridge,United Kingdom,1902
1933,Erwin,Schrödinger,Physics,2,for the discovery of new productive forms of atomic theory,39,male,1887-08-12,Austria,Vienna,AT,1961-01-04,Austria,Vienna,AT,Berlin University,Berlin,Germany,1887
1933,Sir Norman,Angell,Peace,1,for having exposed by his pen the illusion of war and presented a convincing plea for international cooperation and peace,498,male,1872-12-26,United Kingdom,Holbeach,GB,1967-10-07,United Kingdom,Croydon,GB,,,,1872
1933,Thomas H.,Morgan,Medicine,1,for his discoveries concerning the role played by the chromosome in heredity,325,male,1866-09-25,USA,Lexington KY,US,1945-12-04,USA,Pasadena CA,US,California Institute of Technology (Caltech),Pasadena CA,USA,1866
1933,Ivan,Bunin,Literature,1,for the strict artistry with which he has carried on the classical Russian traditions in prose writing,606,male,1870-10-22,Russia,Voronezh,RU,1953-11-08,France,Paris,FR,,,,1870
1934,George H.,Whipple,Medicine,3,for their discoveries concerning liver therapy in cases of anaemia,326,male,1878-08-28,USA,Ashland NH,US,1976-02-01,USA,Rochester NY,US,University of Rochester,Rochester NY,USA,1878
1934,Harold C.,Urey,Chemistry,1,for his discovery of heavy hydrogen,192,male,1893-04-29,USA,Walkerton IN,US,1981-01-05,USA,La Jolla CA,US,Columbia University,New York NY,USA,1893
1934,Luigi,Pirandello,Literature,1,for his bold and ingenious revival of dramatic and scenic art,607,male,1867-06-28,Italy,Agrigento Sicily,IT,1936-12-10,Italy,Rome,IT,,,,1867
1934,George R.,Minot,Medicine,3,for their discoveries concerning liver therapy in cases of anaemia,327,male,1885-12-02,USA,Boston MA,US,1950-02-25,USA,Brookline MA,US,Harvard University,Cambridge MA,USA,1885
1934,William P.,Murphy,Medicine,3,for their discoveries concerning liver therapy in cases of anaemia,328,male,1892-02-06,USA,Stoughton WI,US,1987-10-09,USA,Brookline MA,US,Harvard University,Cambridge MA,USA,1892
1934,Arthur,Henderson,Peace,1,for his untiring struggle and his courageous efforts as Chairman of the League of Nations Disarmament Conference 1931-34,499,male,1863-09-13,Scotland,Glasgow,GB,1935-10-20,United Kingdom,London,GB,,,,1863
1935,Frédéric,Joliot,Chemistry,2,in recognition of their synthesis of new radioactive elements,193,male,1900-03-19,France,Paris,FR,1958-08-14,France,Paris,FR,Institut du Radium,Paris,France,1900
1935,Irène,Joliot-Curie,Chemistry,2,in recognition of their synthesis of new radioactive elements,194,female,1897-09-12,France,Paris,FR,1956-03-17,France,Paris,FR,Institut du Radium,Paris,France,1897
1935,James,Chadwick,Physics,1,for the discovery of the neutron,41,male,1891-10-20,United Kingdom,Manchester,GB,1974-07-24,United Kingdom,Cambridge,GB,Liverpool University,Liverpool,United Kingdom,1891
1935,Hans,Spemann,Medicine,1,for his discovery of the organizer effect in embryonic development,329,male,1869-06-27,Württemberg (now Germany),Stuttgart,DE,1941-09-12,Germany,Freiburg im Breisgau,DE,University of Freiburg im Breisgau,Breisgau,Germany,1869
1935,Carl,von Ossietzky,Peace,1,for his burning love for freedom of thought and expression and his valuable contribution to the cause of peace,500,male,1889-10-03,Germany,Hamburg,DE,1938-05-04,Germany,Berlin,DE,,,,1889
1936,Peter,Debye,Chemistry,1,for his contributions to our knowledge of molecular structure through his investigations on dipole moments and on the diffraction of X-rays and electrons in gases,195,male,1884-03-24,the Netherlands,Maastricht,NL,1966-11-02,USA,Ithaca NY,US,Berlin University,Berlin,Germany,1884
1936,Otto,Loewi,Medicine,2,for their discoveries relating to chemical transmission of nerve impulses,331,male,1873-06-03,Germany,Frankfurt-on-the-Main,DE,1961-12-25,USA,New York NY,US,Graz University,Graz,Austria,1873
1936,Victor F.,Hess,Physics,2,for his discovery of cosmic radiation,42,male,1883-06-24,Austria,Peggau,AT,1964-12-17,USA,Mount Vernon NY,US,Innsbruck University,Innsbruck,Austria,1883
1936,Sir Henry,Dale,Medicine,2,for their discoveries relating to chemical transmission of nerve impulses,330,male,1875-06-09,United Kingdom,London,GB,1968-07-23,United Kingdom,Cambridge,GB,National Institute for Medical Research,London,United Kingdom,1875
1936,Carl D.,Anderson,Physics,2,for his discovery of the positron,43,male,1905-09-03,USA,New York NY,US,1991-01-11,USA,San Marino CA,US,California Institute of Technology (Caltech),Pasadena CA,USA,1905
1936,Carlos,Saavedra Lamas,Peace,1,for his role as father of the Argentine Antiwar Pact of 1933 which he also used as a means to mediate peace between Paraguay and Bolivia in 1935,501,male,1878-11-01,Argentina,Buenos Aires,AR,1959-05-05,Argentina,Buenos Aires,AR,,,,1878
1936,Eugene,O'Neill,Literature,1,for the power honesty and deep-felt emotions of his dramatic works which embody an original concept of tragedy,608,male,1888-10-16,USA,New York NY,US,1953-11-27,USA,Boston MA,US,,,,1888
1937,George Paget,Thomson,Physics,2,for their experimental discovery of the diffraction of electrons by crystals,45,male,1892-05-03,United Kingdom,Cambridge,GB,1975-09-10,United Kingdom,Cambridge,GB,London University,London,United Kingdom,1892
1937,Albert,Szent-Györgyi,Medicine,1,for his discoveries in connection with the biological combustion processes with special reference to vitamin C and the catalysis of fumaric acid,332,male,1893-09-16,Austria-Hungary (now Hungary),Budapest,HU,1986-10-22,USA,Woods Hole MA,US,Szeged University,Szeged,Hungary,1893
1937,Norman,Haworth,Chemistry,2,for his investigations on carbohydrates and vitamin C,196,male,1883-03-19,United Kingdom,Chorley,GB,1950-03-19,United Kingdom,Birmingham,GB,Birmingham University,Birmingham,United Kingdom,1883
1937,Clinton,Davisson,Physics,2,for their experimental discovery of the diffraction of electrons by crystals,44,male,1881-10-22,USA,Bloomington IL,US,1958-02-01,USA,Charlottesville VA,US,Bell Telephone Laboratories,New York NY,USA,1881
1937,Robert,Cecil,Peace,1,for his tireless effort in support of the League of Nations disarmament and peace,502,male,1864-09-14,United Kingdom,London,GB,1958-11-24,United Kingdom,Tunbridge Wells,GB,,,,1864
1937,Roger,Martin du Gard,Literature,1,for the artistic power and truth with which he has depicted human conflict as well as some fundamental aspects of contemporary life in his novel-cycle <I>Les Thibault</I>,609,male,1881-03-23,France,Neuilly-sur-Seine,FR,1958-08-22,France,Bellême,FR,,,,1881
1937,Paul,Karrer,Chemistry,2,for his investigations on carotenoids flavins and vitamins A and B2,197,male,1889-04-21,Russia,Moscow,RU,1971-06-18,Switzerland,Zurich,CH,University of Zurich,Zurich,Switzerland,1889
1938,Enrico,Fermi,Physics,1,for his demonstrations of the existence of new radioactive elements produced by neutron irradiation and for his related discovery of nuclear reactions brought about by slow neutrons,46,male,1901-09-29,Italy,Rome,IT,1954-11-28,USA,Chicago IL,US,Rome University,Rome,Italy,1901
1938,Richard,Kuhn,Chemistry,1,for his work on carotenoids and vitamins,198,male,1900-12-03,Austria-Hungary (now Austria),Vienna,AT,1967-07-31,West Germany (now Germany),Heidelberg,DE,Kaiser-Wilhelm-Institut (now Max-Planck Institut) für Medizinische Forschung,Heidelberg,Germany,1900
1938,Corneille,Heymans,Medicine,1,for the discovery of the role played by the sinus and aortic mechanisms in the regulation of respiration,333,male,1892-03-28,Belgium,Ghent,BE,1968-07-18,Belgium,Knokke,BE,Ghent University,Ghent,Belgium,1892
1938,Nansen International Office for Refugees,,Peace,1,for having carried on the work of Fridtjof Nansen to the benefit of refugees across Europe,503,org,,,,,,,,,,,,1921
1938,Pearl,Buck,Literature,1,for her rich and truly epic descriptions of peasant life in China and for her biographical masterpieces,610,female,1892-06-26,USA,Hillsboro WV,US,1973-03-06,USA,Danby VT,US,,,,1892
1939,Gerhard,Domagk,Medicine,1,for the discovery of the antibacterial effects of prontosil,334,male,1895-10-30,Germany (now Poland),Lagow,PL,1964-04-24,West Germany (now Germany),Burgberg,DE,Munster University,Munster,Germany,1895
1939,Ernest,Lawrence,Physics,1,for the invention and development of the cyclotron and for results obtained with it especially with regard to artificial radioactive elements,47,male,1901-08-08,USA,Canton SD,US,1958-08-27,USA,Palo Alto CA,US,University of California,Berkeley CA,USA,1901
1939,Leopold,Ruzicka,Chemistry,2,for his work on polymethylenes and higher terpenes,200,male,1887-09-13,Austria-Hungary (now Croatia),Vukovar,HR,1976-09-26,Switzerland,Zurich,CH,Eidgenössische Technische Hochschule (Swiss Federal Institute of Technology),Zurich,Switzerland,1887
1939,Adolf,Butenandt,Chemistry,2,for his work on sex hormones,199,male,1903-03-24,Germany,Bremerhaven-Lehe,DE,1995-01-18,Germany,Munich,DE,Kaiser-Wilhelm-Institut (now Max-Planck-Institut) für Biochemie,Berlin-Dahlem,Germany,1903
1939,Frans Eemil,Sillanpää,Literature,1,for his deep understanding of his country's peasantry and the exquisite art with which he has portrayed their way of life and their relationship with Nature,613,male,1888-09-16,Russian Empire (now Finland),Hämeenkyrö,FI,1964-06-03,Finland,Helsinki,FI,,,,1888
1943,Henrik,Dam,Medicine,2,for his discovery of vitamin K,335,male,1895-02-21,Denmark,Copenhagen,DK,1976-04-17,Denmark,Copenhagen,DK,Polytechnic Institute,Copenhagen,Denmark,1895
1943,Edward A.,Doisy,Medicine,2,for his discovery of the chemical nature of vitamin K,336,male,1893-11-13,USA,Hume IL,US,1986-10-23,USA,St. Louis MO,US,Saint Louis University,St. Louis MO,USA,1893
1943,George,de Hevesy,Chemistry,1,for his work on the use of isotopes as tracers in the study of chemical processes,201,male,1885-08-01,Austria-Hungary (now Hungary),Budapest,HU,1966-07-05,West Germany (now Germany),Freiburg im Breisgau,DE,Stockholm University,Stockholm,Sweden,1885
1943,Otto,Stern,Physics,1,for his contribution to the development of the molecular ray method and his discovery of the magnetic moment of the proton,48,male,1888-02-17,Germany (now Poland),Sorau (now Zory),PL,1969-08-17,USA,Berkeley CA,US,Carnegie Institute of Technology,Pittsburgh PA,USA,1888
1944,Joseph,Erlanger,Medicine,2,for their discoveries relating to the highly differentiated functions of single nerve fibres,337,male,1874-01-05,USA,San Francisco CA,US,1965-12-05,USA,St. Louis MO,US,Washington University,St. Louis MO,USA,1874
1944,Johannes V.,Jensen,Literature,1,for the rare strength and fertility of his poetic imagination with which is combined an intellectual curiosity of wide scope and a bold freshly creative style,614,male,1873-01-20,Denmark,Farsø,DK,1950-11-25,Denmark,Copenhagen,DK,,,,1873
1944,Herbert S.,Gasser,Medicine,2,for their discoveries relating to the highly differentiated functions of single nerve fibres,338,male,1888-07-05,USA,Platteville WI,US,1963-05-11,USA,New York NY,US,Rockefeller Institute for Medical Research,New York NY,USA,1888
1944,Otto,Hahn,Chemistry,1,for his discovery of the fission of heavy nuclei,202,male,1879-03-08,Germany,Frankfurt-on-the-Main,DE,1968-07-28,West Germany (now Germany),Göttingen,DE,Kaiser-Wilhelm-Institut (now Max-Planck Institut) für Chemie,Berlin-Dahlem,Germany,1879
1944,International Committee of the Red Cross,,Peace,1,for the great work it has performed during the war on behalf of humanity,482,org,,,,,,,,,,,,1863
1944,Isidor Isaac,Rabi,Physics,1,for his resonance method for recording the magnetic properties of atomic nuclei,49,male,1898-07-29,Austria-Hungary (now Poland),Rymanow,PL,1988-01-11,USA,New York NY,US,Columbia University,New York NY,USA,1898
1945,Wolfgang,Pauli,Physics,1,for the discovery of the Exclusion Principle also called the Pauli Principle,50,male,1900-04-25,Austria,Vienna,AT,1958-12-15,Switzerland,Zurich,CH,Princeton University,Princeton NJ,USA,1900
1945,Gabriela,Mistral,Literature,1,for her lyric poetry which inspired by powerful emotions has made her name a symbol of the idealistic aspirations of the entire Latin American world,615,female,1889-04-07,Chile,Vicuña,CL,1957-01-10,USA,Hempstead NY,US,,,,1889
1945,Artturi,Virtanen,Chemistry,1,for his research and inventions in agricultural and nutrition chemistry especially for his fodder preservation method,203,male,1895-01-15,Russian Empire (now Finland),Helsinki,FI,1973-11-11,Finland,Helsinki,FI,University of Helsinki,Helsinki,Finland,1895
1945,Cordell,Hull,Peace,1,for his indefatigable work for international understanding and his pivotal role in establishing the United Nations,505,male,1871-10-02,USA,Olympus TN,US,1955-07-23,USA,Bethesda MD,US,,,,1871
1945,Sir Alexander,Fleming,Medicine,3,for the discovery of penicillin and its curative effect in various infectious diseases,339,male,1881-08-06,Scotland,Lochfield,GB,1955-03-11,United Kingdom,London,GB,London University,London,United Kingdom,1881
1945,Ernst B.,Chain,Medicine,3,for the discovery of penicillin and its curative effect in various infectious diseases,340,male,1906-06-19,Germany,Berlin,DE,1979-08-12,Ireland,Mulrany,IE,University of Oxford,Oxford,United Kingdom,1906
1945,Sir Howard,Florey,Medicine,3,for the discovery of penicillin and its curative effect in various infectious diseases,341,male,1898-09-24,Australia,Adelaide,AU,1968-02-21,United Kingdom,Oxford,GB,University of Oxford,Oxford,United Kingdom,1898
1946,John R.,Mott,Peace,2,for his contribution to the creation of a peace-promoting religious brotherhood across national boundaries,507,male,1865-05-25,USA,Livingston Manor NY,US,1955-01-31,USA,,US,,,,1865
1946,Percy W.,Bridgman,Physics,1,for the invention of an apparatus to produce extremely high pressures and for the discoveries he made therewith in the field of high pressure physics,51,male,1882-04-21,USA,Cambridge MA,US,1961-08-20,USA,Randolph NH,US,Harvard University,Cambridge MA,USA,1882
1946,James B.,Sumner,Chemistry,2,for his discovery that enzymes can be crystallized,204,male,1887-11-19,USA,Canton MA,US,1955-08-12,USA,Buffalo NY,US,Cornell University,Ithaca NY,USA,1887
1946,John H.,Northrop,Chemistry,4,for their preparation of enzymes and virus proteins in a pure form,205,male,1891-07-05,USA,Yonkers NY,US,1987-05-27,USA,Wickenberg AZ,US,Rockefeller Institute for Medical Research,Princeton NJ,USA,1891
1946,Wendell M.,Stanley,Chemistry,4,for their preparation of enzymes and virus proteins in a pure form,206,male,1904-08-16,USA,Ridgeville IN,US,1971-06-15,Spain,Salamanca,ES,Rockefeller Institute for Medical Research,Princeton NJ,USA,1904
1946,Hermann J.,Muller,Medicine,1,for the discovery of the production of mutations by means of X-ray irradiation,342,male,1890-12-21,USA,New York NY,US,1967-04-05,USA,Indianapolis IN,US,Indiana University,Bloomington IN,USA,1890
1946,Emily Greene,Balch,Peace,2,for her lifelong work for the cause of peace,506,female,1867-01-08,USA,Jamaica Plain MA (now Boston MA),US,1961-01-09,USA,Cambridge MA,US,,,,1867
1946,Hermann,Hesse,Literature,1,for his inspired writings which while growing in boldness and penetration exemplify the classical humanitarian ideals and high qualities of style,617,male,1877-07-02,Germany,Calw,DE,1962-08-09,Switzerland,Montagnola,CH,,,,1877
1947,Gerty,Cori,Medicine,4,for their discovery of the course of the catalytic conversion of glycogen,344,female,1896-08-15,Austria-Hungary (now Czech Republic),Prague,CZ,1957-10-26,USA,St. Louis MO,US,Washington University,St. Louis MO,USA,1896
1947,Bernardo,Houssay,Medicine,2,for his discovery of the part played by the hormone of the anterior pituitary lobe in the metabolism of sugar,345,male,1887-04-10,Argentina,Buenos Aires,AR,1971-09-21,Argentina,Buenos Aires,AR,Instituto de Biologia y Medicina Experimental (Institute for Biology and Experimental Medicine),Buenos Aires,Argentina,1887
1947,Edward V.,Appleton,Physics,1,for his investigations of the physics of the upper atmosphere especially for the discovery of the so-called Appleton layer,52,male,1892-09-06,United Kingdom,Bradford,GB,1965-04-21,Scotland,Edinburgh,GB,Department of Scientific and Industrial Research,London,United Kingdom,1892
1947,André,Gide,Literature,1,for his comprehensive and artistically significant writings in which human problems and conditions have been presented with a fearless love of truth and keen psychological insight,618,male,1869-11-22,France,Paris,FR,1951-02-19,France,Paris,FR,,,,1869
1947,Sir Robert,Robinson,Chemistry,1,for his investigations on plant products of biological importance especially the alkaloids,207,male,1886-09-13,United Kingdom,Rufford near Chesterfield,GB,1975-02-08,United Kingdom,Great Missenden,GB,University of Oxford,Oxford,United Kingdom,1886
1947,Friends Service Council,,Peace,2,for their pioneering work in the international peace movement and compassionate effort to relieve human suffering thereby promoting the fraternity between nations,508,org,,,,,,,,,,,,1647
1947,American Friends Service Committee,,Peace,2,for their pioneering work in the international peace movement and compassionate effort to relieve human suffering thereby promoting the fraternity between nations,509,org,,,,,,,,,,,,1917
1947,Carl,Cori,Medicine,4,for their discovery of the course of the catalytic conversion of glycogen,343,male,1896-12-05,Austria-Hungary (now Czech Republic),Prague,CZ,1984-10-20,USA,Cambridge MA,US,Washington University,St. Louis MO,USA,1896
1948,Paul,Müller,Medicine,1,for his discovery of the high efficiency of DDT as a contact poison against several arthropods,346,male,1899-01-12,Switzerland,Olten,CH,1965-10-12,Switzerland,Basel,CH,Laboratorium der Farben-Fabriken J.R. Geigy A.G. (Laboratory of the J.R. Geigy Dye-Factory Co.),Basel,Switzerland,1899
1948,T.S.,Eliot,Literature,1,for his outstanding pioneer contribution to present-day poetry,619,male,1888-09-26,USA,St. Louis MO,US,1965-01-04,United Kingdom,London,GB,,,,1888
1948,Arne,Tiselius,Chemistry,1,for his research on electrophoresis and adsorption analysis especially for his discoveries concerning the complex nature of the serum proteins,208,male,1902-08-10,Sweden,Stockholm,SE,1971-10-29,Sweden,Uppsala,SE,Uppsala University,Uppsala,Sweden,1902
1948,Patrick M.S.,Blackett,Physics,1,for his development of the Wilson cloud chamber method and his discoveries therewith in the fields of nuclear physics and cosmic radiation,53,male,1897-11-18,United Kingdom,London,GB,1974-07-13,United Kingdom,London,GB,Victoria University,Manchester,United Kingdom,1897
1949,Egas,Moniz,Medicine,2,for his discovery of the therapeutic value of leucotomy in certain psychoses,348,male,1874-11-29,Portugal,Avanca,PT,1955-12-13,Portugal,Lisbon,PT,University of Lisbon,Lisbon,Portugal,1874
1949,William F.,Giauque,Chemistry,1,for his contributions in the field of chemical thermodynamics particularly concerning the behaviour of substances at extremely low temperatures,209,male,1895-05-12,Canada,Niagara Falls,CA,1982-03-28,USA,Berkeley CA,US,University of California,Berkeley CA,USA,1895
1949,Walter,Hess,Medicine,2,for his discovery of the functional organization of the interbrain as a coordinator of the activities of the internal organs,347,male,1881-03-17,Switzerland,Frauenfeld,CH,1973-08-12,Switzerland,Ascona,CH,University of Zurich,Zurich,Switzerland,1881
1949,William,Faulkner,Literature,1,for his powerful and artistically unique contribution to the modern American novel,620,male,1897-09-25,USA,New Albany MS,US,1962-07-06,USA,Byhalia MS,US,,,,1897
1949,John,Boyd Orr,Peace,1,for his lifelong effort to conquer hunger and want thereby helping to remove a major cause of military conflict and war,510,male,1880-09-23,Scotland,Kilmaurs,GB,1971-06-25,Scotland,Edzell,GB,,,,1880
1949,Hideki,Yukawa,Physics,1,for his prediction of the existence of mesons on the basis of theoretical work on nuclear forces,54,male,1907-01-23,Japan,Tokyo,JP,1981-09-08,Japan,Kyoto,JP,Columbia University,New York NY,USA,1907
1950,Bertrand,Russell,Literature,1,in recognition of his varied and significant writings in which he champions humanitarian ideals and freedom of thought,621,male,1872-05-18,United Kingdom,Trelleck,GB,1970-02-02,United Kingdom,Penrhyndeudraeth,GB,,,,1872
1950,Ralph,Bunche,Peace,1,for his work as mediator in Palestine in 1948-1949,511,male,1904-08-07,USA,Detroit MI,US,1971-12-09,USA,New York NY,US,Harvard University,Cambridge MA,USA,1904
1950,Philip S.,Hench,Medicine,3,for their discoveries relating to the hormones of the adrenal cortex their structure and biological effects,351,male,1896-02-28,USA,Pittsburgh PA,US,1965-03-30,Jamaica,Ocho Rios,JM,Mayo Clinic,Rochester MN,USA,1896
1950,Tadeus,Reichstein,Medicine,3,for their discoveries relating to the hormones of the adrenal cortex their structure and biological effects,350,male,1897-07-20,Poland,Wloclawek,PL,1996-08-01,Switzerland,Basel,CH,Basel University,Basel,Switzerland,1897
1950,Edward C.,Kendall,Medicine,3,for their discoveries relating to the hormones of the adrenal cortex their structure and biological effects,349,male,1886-03-08,USA,South Norwalk CT,US,1972-05-04,USA,Princeton NJ,US,Mayo Clinic,Rochester MN,USA,1886
1950,Kurt,Alder,Chemistry,2,for their discovery and development of the diene synthesis,211,male,1902-07-10,Prussia (now Poland),Königshütte (now Chorzów),PL,1958-06-20,West Germany (now Germany),Cologne,DE,Cologne University,Cologne,Germany,1902
1950,Cecil,Powell,Physics,1,for his development of the photographic method of studying nuclear processes and his discoveries regarding mesons made with this method,55,male,1903-12-05,United Kingdom,Tonbridge,GB,1969-08-09,Italy,,IT,Bristol University,Bristol,United Kingdom,1903
1950,Otto,Diels,Chemistry,2,for their discovery and development of the diene synthesis,210,male,1876-01-23,Germany,Hamburg,DE,1954-03-07,West Germany (now Germany),Kiel,DE,Kiel University,Kiel,Germany,1876
1951,Léon,Jouhaux,Peace,1,for having devoted his life to the fight against war through the promotion of social justice and brotherhood among men and nations,512,male,1879-07-01,France,Paris,FR,1954-04-28,France,Paris,FR,,,,1879
1951,Pär,Lagerkvist,Literature,1,for the artistic vigour and true independence of mind with which he endeavours in his poetry to find answers to the eternal questions confronting mankind,622,male,1891-05-23,Sweden,Växjö,SE,1974-07-11,Sweden,Stockholm,SE,,,,1891
1951,Ernest T.S.,Walton,Physics,2,for their pioneer work on the transmutation of atomic nuclei by artificially accelerated atomic particles,57,male,1903-10-06,Ireland,Dungarvan,IE,1995-06-25,Northern Ireland,Belfast,GB,Trinity College,Dublin,Ireland,1903
1951,John,Cockcroft,Physics,2,for their pioneer work on the transmutation of atomic nuclei by artificially accelerated atomic particles,56,male,1897-05-27,United Kingdom,Todmorden,GB,1967-09-18,United Kingdom,Cambridge,GB,Atomic Energy Research Establishment,Harwell Berkshire,United Kingdom,1897
1951,Edwin M.,McMillan,Chemistry,2,for their discoveries in the chemistry of the transuranium elements,212,male,1907-09-18,USA,Redondo Beach CA,US,1991-09-07,USA,El Cerrito CA,US,University of California,Berkeley CA,USA,1907
1951,Max,Theiler,Medicine,1,for his discoveries concerning yellow fever and how to combat it,352,male,1899-01-30,South Africa,Pretoria,ZA,1972-08-11,USA,New Haven CT,US,Laboratories of the Division of Medicine and Public Health Rockefeller Foundation,New York NY,USA,1899
1951,Glenn T.,Seaborg,Chemistry,2,for their discoveries in the chemistry of the transuranium elements,213,male,1912-04-19,USA,Ishpeming MI,US,1999-02-25,USA,Lafayette CA,US,University of California,Berkeley CA,USA,1912
1952,Felix,Bloch,Physics,2,for their development of new methods for nuclear magnetic precision measurements and discoveries in connection therewith,58,male,1905-10-23,Switzerland,Zurich,CH,1983-09-10,Switzerland,Zurich,CH,Stanford University,Stanford CA,USA,1905
1952,Richard L.M.,Synge,Chemistry,2,for their invention of partition chromatography,215,male,1914-10-28,United Kingdom,Liverpool,GB,1994-08-18,United Kingdom,Norwich,GB,Rowett Research Institute,Bucksburn (Scotland),United Kingdom,1914
1952,Albert,Schweitzer,Peace,1,for his altruism reverence for life and tireless humanitarian work which has helped making the idea of brotherhood between men and nations a living one,513,male,1875-01-14,Germany (now France),Kaysersberg,FR,1965-09-04,Gabon,Lambaréné,GA,,,,1875
1952,Selman A.,Waksman,Medicine,1,for his discovery of streptomycin the first antibiotic effective against tuberculosis,353,male,1888-07-22,Russian Empire (now Ukraine),Priluka (now Nova Pryluka),UA,1973-08-16,USA,Hyannis MA,US,Rutgers University,New Brunswick NJ,USA,1888
1952,Archer J.P.,Martin,Chemistry,2,for their invention of partition chromatography,214,male,1910-03-01,United Kingdom,London,GB,2002-07-28,United Kingdom,Llangarron,GB,National Institute for Medical Research,London,United Kingdom,1910
1952,E. M.,Purcell,Physics,2,for their development of new methods for nuclear magnetic precision measurements and discoveries in connection therewith,59,male,1912-08-30,USA,Taylorville IL,US,1997-03-07,USA,Cambridge MA,US,Harvard University,Cambridge MA,USA,1912
1952,François,Mauriac,Literature,1,for the deep spiritual insight and the artistic intensity with which he has in his novels penetrated the drama of human life,623,male,1885-10-11,France,Bordeaux,FR,1970-09-01,France,Paris,FR,,,,1885
1953,George C.,Marshall,Peace,1,for proposing and supervising the plan for the economic recovery of Europe,514,male,1880-12-31,USA,Uniontown PA,US,1959-10-16,USA,Washington D.C.,US,,,,1880
1953,Hans,Krebs,Medicine,2,for his discovery of the citric acid cycle,354,male,1900-08-25,Germany,Hildesheim,DE,1981-11-22,United Kingdom,Oxford,GB,Sheffield University,Sheffield,United Kingdom,1900
1953,Fritz,Lipmann,Medicine,2,for his discovery of co-enzyme A and its importance for intermediary metabolism,355,male,1899-06-12,Germany (now Russia),Koenigsberg (now Kaliningrad),RU,1986-07-24,USA,Poughkeepsie NY,US,Harvard Medical School,Boston MA,USA,1899
1953,Frits,Zernike,Physics,1,for his demonstration of the phase contrast method especially for his invention of the phase contrast microscope,60,male,1888-07-16,the Netherlands,Amsterdam,NL,1966-03-10,the Netherlands,Groningen,NL,Groningen University,Groningen,the Netherlands,1888
1953,Hermann,Staudinger,Chemistry,1,for his discoveries in the field of macromolecular chemistry,216,male,1881-03-23,Germany,Worms,DE,1965-09-08,West Germany (now Germany),Freiburg im Breisgau,DE,University of Freiburg,Breisgau,Germany,1881
1953,Winston,Churchill,Literature,1,for his mastery of historical and biographical description as well as for brilliant oratory in defending exalted human values,624,male,1874-11-30,United Kingdom,Woodstock,GB,1965-01-24,United Kingdom,London,GB,,,,1874
1954,John F.,Enders,Medicine,3,for their discovery of the ability of poliomyelitis viruses to grow in cultures of various types of tissue,356,male,1897-02-10,USA,West Hartford CT,US,1985-09-08,USA,Waterford CT,US,Harvard Medical School,Boston MA,USA,1897
1954,Thomas H.,Weller,Medicine,3,for their discovery of the ability of poliomyelitis viruses to grow in cultures of various types of tissue,357,male,1915-06-15,USA,Ann Arbor MI,US,2008-08-23,USA,Needham MA,US,Research Division of Infectious Diseases Children's Medical Center,Boston MA,USA,1915
1954,Frederick C.,Robbins,Medicine,3,for their discovery of the ability of poliomyelitis viruses to grow in cultures of various types of tissue,358,male,1916-08-25,USA,Auburn AL,US,2003-08-04,USA,Cleveland OH,US,Western Reserve University,Cleveland OH,USA,1916
1954,Linus,Pauling,Chemistry,1,for his research into the nature of the chemical bond and its application to the elucidation of the structure of complex substances,217,male,1901-02-28,USA,Portland OR,US,1994-08-19,USA,Big Sur CA,US,California Institute of Technology (Caltech),Pasadena CA,USA,1901
1954,Max,Born,Physics,2,for his fundamental research in quantum mechanics especially for his statistical interpretation of the wavefunction,61,male,1882-12-11,Germany (now Poland),Breslau (now Wroclaw),PL,1970-01-05,West Germany (now Germany),Göttingen,DE,Edinburgh University,Edinburgh,United Kingdom,1882
1954,Walther,Bothe,Physics,2,for the coincidence method and his discoveries made therewith,62,male,1891-01-08,Germany,Oranienburg,DE,1957-02-08,West Germany (now Germany),Heidelberg,DE,University of Heidelberg,Heidelberg,Germany,1891
1954,Ernest,Hemingway,Literature,1,for his mastery of the art of narrative most recently demonstrated in <I>The Old Man and the Sea</I> and for the influence that he has exerted on contemporary style,625,male,1899-07-21,USA,Oak Park IL,US,1961-07-02,USA,Ketchum ID,US,,,,1899
1954,Office of the United Nations High Commissioner for Refugees,,Peace,1,for its efforts to heal the wounds of war by providing help and protection to refugees all over the world,515,org,1950-12-14,,,,,,,,,,,1950
1955,Halldór,Laxness,Literature,1,for his vivid epic power which has renewed the great narrative art of Iceland,626,male,1902-04-23,Iceland,Reykjavik,IS,1998-02-08,Iceland,Reykjavik,IS,,,,1902
1955,Polykarp,Kusch,Physics,2,for his precision determination of the magnetic moment of the electron,64,male,1911-01-26,Germany,Blankenburg,DE,1993-03-20,USA,Dallas TX,US,Columbia University,New York NY,USA,1911
1955,Willis E.,Lamb,Physics,2,for his discoveries concerning the fine structure of the hydrogen spectrum,63,male,1913-07-12,USA,Los Angeles CA,US,2008-05-15,USA,Tucson AZ,US,Stanford University,Stanford CA,USA,1913
1955,Hugo,Theorell,Medicine,1,for his discoveries concerning the nature and mode of action of oxidation enzymes,359,male,1903-07-06,Sweden,Linköping,SE,1982-08-15,Sweden,Stockholm,SE,Karolinska Institutet Nobel Medical Institute,Stockholm,Sweden,1903
1955,Vincent,du Vigneaud,Chemistry,1,for his work on biochemically important sulphur compounds especially for the first synthesis of a polypeptide hormone,218,male,1901-05-18,USA,Chicago IL,US,1978-12-11,USA,White Plains NY,US,Cornell University,Ithaca NY,USA,1901
1956,Werner,Forssmann,Medicine,3,for their discoveries concerning heart catheterization and pathological changes in the circulatory system,361,male,1904-08-29,Germany,Berlin,DE,1979-06-01,West Germany (now Germany),Schopfheim,DE,Mainz University,Mainz,Germany,1904
1956,André F.,Cournand,Medicine,3,for their discoveries concerning heart catheterization and pathological changes in the circulatory system,360,male,1895-09-24,France,Paris,FR,1988-02-19,USA,Great Barrington MA,US,Columbia University Division Cardio-Pulmonary Laboratory Bellevue Hospital,New York NY,USA,1895
1956,Walter H.,Brattain,Physics,3,for their researches on semiconductors and their discovery of the transistor effect,67,male,1902-02-10,China,Amoy,CN,1987-10-13,USA,Seattle WA,US,Bell Telephone Laboratories,Murray Hill NJ,USA,1902
1956,Nikolay,Semenov,Chemistry,2,for their researches into the mechanism of chemical reactions,220,male,1896-04-03,Russia,Saratov,RU,1986-09-25,USSR (now Russia),Moscow,RU,Institute for Chemical Physics of the Academy of Sciences of the USSR,Moscow,USSR (now Russia),1896
1956,Sir Cyril,Hinshelwood,Chemistry,2,for their researches into the mechanism of chemical reactions,219,male,1897-05-19,United Kingdom,London,GB,1967-10-09,United Kingdom,London,GB,University of Oxford,Oxford,United Kingdom,1897
1956,John,Bardeen,Physics,3,for their researches on semiconductors and their discovery of the transistor effect,66,male,1908-05-23,USA,Madison WI,US,1991-01-30,USA,Boston MA,US,University of Illinois,Urbana IL,USA,1908
1956,William B.,Shockley,Physics,3,for their researches on semiconductors and their discovery of the transistor effect,65,male,1910-02-13,United Kingdom,London,GB,1989-08-12,USA,Palo Alto CA,US,Semiconductor Laboratory of Beckman Instruments Inc.,Mountain View CA,USA,1910
1956,Dickinson W.,Richards,Medicine,3,for their discoveries concerning heart catheterization and pathological changes in the circulatory system,362,male,1895-10-30,USA,Orange NJ,US,1973-02-23,USA,Lakeville CT,US,Columbia University,New York NY,USA,1895
1956,Juan Ramón,Jiménez,Literature,1,for his lyrical poetry which in Spanish language constitutes an example of high spirit and artistical purity,627,male,1881-12-24,Spain,Moguer,ES,1958-05-29,Puerto Rico,San Juan,PR,,,,1881
1957,Chen Ning,Yang,Physics,2,for their penetrating investigation of the so-called parity laws which has led to important discoveries regarding the elementary particles,68,male,1922-09-22,China,Hofei Anhwei,CN,,,,,Institute for Advanced Study,Princeton NJ,USA,1922
1957,Lester Bowles,Pearson,Peace,1,for his crucial contribution to the deployment of a United Nations Emergency Force in the wake of the Suez Crisis,516,male,1897-04-23,Canada,Toronto,CA,1972-12-27,Canada,Ottawa,CA,,,,1897
1957,Lord,Todd,Chemistry,1,for his work on nucleotides and nucleotide co-enzymes,221,male,1907-10-02,Scotland,Glasgow,GB,1997-01-10,United Kingdom,Cambridge,GB,University of Cambridge,Cambridge,United Kingdom,1907
1957,Tsung-Dao,Lee,Physics,2,for their penetrating investigation of the so-called parity laws which has led to important discoveries regarding the elementary particles,69,male,1926-11-24,China,Shanghai,CN,,,,,Columbia University,New York NY,USA,1926
1957,Albert,Camus,Literature,1,for his important literary production which with clear-sighted earnestness illuminates the problems of the human conscience in our times,628,male,1913-11-07,French Algeria (now Algeria),Mondovi,DZ,1960-01-04,France,Sens,FR,,,,1913
1957,Daniel,Bovet,Medicine,1,for his discoveries relating to synthetic compounds that inhibit the action of certain body substances and especially their action on the vascular system and the skeletal muscles,363,male,1907-03-23,Switzerland,Neuchâtel,CH,1992-04-08,Italy,Rome,IT,Istituto Superiore di Sanità (Chief Institute of Public Health),Rome,Italy,1907
1958,Frederick,Sanger,Chemistry,1,for his work on the structure of proteins especially that of insulin,222,male,1918-08-13,United Kingdom,Rendcombe,GB,2013-11-19,United Kingdom,Cambridge,GB,MRC Laboratory of Molecular Biology,Cambridge,United Kingdom,1918
1958,Georges,Pire,Peace,1,for his efforts to help refugees to leave their camps and return to a life of freedom and dignity,517,male,1910-02-10,Belgium,Dinant,BE,1969-01-30,Belgium,Leuven,BE,,,,1910
1958,Edward,Tatum,Medicine,4,for their discovery that genes act by regulating definite chemical events,365,male,1909-12-14,USA,Boulder CO,US,1975-11-05,USA,New York NY,US,Rockefeller Institute for Medical Research,New York NY,USA,1909
1958,Joshua,Lederberg,Medicine,2,for his discoveries concerning genetic recombination and the organization of the genetic material of bacteria,366,male,1925-05-23,USA,Montclair NJ,US,2008-02-02,USA,New York NY,US,University of Wisconsin,Madison WI,USA,1925
1958,Boris,Pasternak,Literature,1,for his important achievement both in contemporary lyrical poetry and in the field of the great Russian epic tradition,629,male,1890-02-10,Russia,Moscow,RU,1960-05-30,Russia,Peredelkino,RU,,,,1890
1958,Il´ja M.,Frank,Physics,3,for the discovery and the interpretation of the Cherenkov effect,721,male,1908-10-23,Russia,Leningrad (now St. Petersburg),RU,1990-06-22,USSR (now Russia),Moscow,RU,Lomonosov Moscow State University,Moscow,USSR (now Russia),1908
1958,Igor Y.,Tamm,Physics,3,for the discovery and the interpretation of the Cherenkov effect,71,male,1895-07-08,Russia,Vladivostok,RU,1971-04-12,USSR (now Russia),Moscow,RU,Lomonosov Moscow State University,Moscow,USSR (now Russia),1895
1958,Pavel A.,Cherenkov,Physics,3,for the discovery and the interpretation of the Cherenkov effect,70,male,1904-07-28,Russia,Novaya Chigla,RU,1990-01-06,USSR (now Russia),,RU,P.N. Lebedev Physical Institute,Moscow,USSR (now Russia),1904
1958,George,Beadle,Medicine,4,for their discovery that genes act by regulating definite chemical events,364,male,1903-10-22,USA,Wahoo NE,US,1989-06-09,USA,Pomona CA,US,California Institute of Technology (Caltech),Pasadena CA,USA,1903
1959,Arthur,Kornberg,Medicine,2,for their discovery of the mechanisms in the biological synthesis of ribonucleic acid and deoxyribonucleic acid,368,male,1918-03-03,USA,Brooklyn NY,US,2007-10-26,USA,Stanford CA,US,Stanford University,Stanford CA,USA,1918
1959,Jaroslav,Heyrovsky,Chemistry,1,for his discovery and development of the polarographic methods of analysis,223,male,1890-12-20,Austria-Hungary (now Czech Republic),Prague,CZ,1967-03-27,Czechoslovakia (now Czech Republic),Prague,CZ,Polarographic Institute of the Czechoslovak Academy of Science,Prague,Czechoslovakia (now Czech Republic),1890
1959,Owen,Chamberlain,Physics,2,for their discovery of the antiproton,73,male,1920-07-10,USA,San Francisco CA,US,2006-02-28,USA,Berkeley CA,US,University of California,Berkeley CA,USA,1920
1959,Emilio,Segrè,Physics,2,for their discovery of the antiproton,72,male,1905-02-01,Italy,Tivoli,IT,1989-04-22,USA,Lafayette CA,US,University of California,Berkeley CA,USA,1905
1959,Severo,Ochoa,Medicine,2,for their discovery of the mechanisms in the biological synthesis of ribonucleic acid and deoxyribonucleic acid,367,male,1905-09-24,Spain,Luarca,ES,1993-11-01,Spain,Madrid,ES,New York University College of Medicine,New York NY,USA,1905
1959,Philip,Noel-Baker,Peace,1,for his longstanding contribution to the cause of disarmament and peace,518,male,1889-11-01,United Kingdom,London,GB,1982-10-08,United Kingdom,London,GB,,,,1889
1959,Salvatore,Quasimodo,Literature,1,for his lyrical poetry which with classical fire expresses the tragic experience of life in our own times,630,male,1901-08-20,Italy,Modica,IT,1968-06-14,Italy,Naples,IT,,,,1901
1960,Peter,Medawar,Medicine,2,for discovery of acquired immunological tolerance,370,male,1915-02-28,Brazil,Rio de Janeiro,BR,1987-10-02,United Kingdom,London,GB,University College,London,United Kingdom,1915
1960,Donald A.,Glaser,Physics,1,for the invention of the bubble chamber,74,male,1926-09-21,USA,Cleveland OH,US,2013-02-28,USA,Berkeley CA,US,University of California,Berkeley CA,USA,1926
1960,Sir Frank Macfarlane,Burnet,Medicine,2,for discovery of acquired immunological tolerance,369,male,1899-09-03,Australia,Traralgon,AU,1985-08-31,Australia,Melbourne,AU,Walter and Eliza Hall Institute for Medical Research,Melbourne,Australia,1899
1960,Saint-John,Perse,Literature,1,for the soaring flight and the evocative imagery of his poetry which in a visionary fashion reflects the conditions of our time,631,male,1887-05-31,Guadeloupe Island,Pointe-à-Pitre,GP,1975-09-20,France,Presqu'île-de-Giens,FR,,,,1887
1960,Albert,Lutuli,Peace,1,for his non-violent struggle against apartheid,519,male,,Southern Rhodesia (now Zimbabwe),Bulawayo,ZW,1967-07-21,South Africa,Stanger,ZA,,,,1898
1960,Willard F.,Libby,Chemistry,1,for his method to use carbon-14 for age determination in archaeology geology geophysics and other branches of science,224,male,1908-12-17,USA,Grand Valley CO,US,1980-09-08,USA,Los Angeles CA,US,University of California,Los Angeles CA,USA,1908
1961,Rudolf,Mössbauer,Physics,2,for his researches concerning the resonance absorption of gamma radiation and his discovery in this connection of the effect which bears his name,76,male,1929-01-31,Germany,Munich,DE,2011-09-14,,,,Technical University,Munich,Germany,1929
1961,Dag,Hammarskjöld,Peace,1,for developing the UN into an effective and constructive international organization capable of giving life to the principles and aims expressed in the UN Charter,520,male,1905-07-29,Sweden,Jönköping,SE,1961-09-18,Northern Rhodesia (now Zambia),Ndola,ZM,,,,1905
1961,Georg,von Békésy,Medicine,1,for his discoveries of the physical mechanism of stimulation within the cochlea,371,male,1899-06-03,Hungary,Budapest,HU,1972-06-13,USA,Honolulu HI,US,Harvard University,Cambridge MA,USA,1899
1961,Ivo,Andric,Literature,1,for the epic force with which he has traced themes and depicted human destinies drawn from the history of his country,633,male,1892-10-10,Bosnia (now Bosnia and Herzegovina),Dolac,BA,1975-03-13,Yugoslavia (now Serbia),Belgrade,RS,,,,1892
1961,Melvin,Calvin,Chemistry,1,for his research on the carbon dioxide assimilation in plants,225,male,1911-04-08,USA,St. Paul MN,US,1997-01-08,USA,Berkeley CA,US,University of California,Berkeley CA,USA,1911
1961,Robert,Hofstadter,Physics,2,for his pioneering studies of electron scattering in atomic nuclei and for his thereby achieved discoveries concerning the structure of the nucleons,75,male,1915-02-05,USA,New York NY,US,1990-11-17,USA,Stanford CA,US,Stanford University,Stanford CA,USA,1915
1962,Maurice,Wilkins,Medicine,3,for their discoveries concerning the molecular structure of nucleic acids and its significance for information transfer in living material,374,male,1916-12-15,New Zealand,Pongaroa,NZ,2004-10-05,United Kingdom,London,GB,London University,London,United Kingdom,1916
1962,James,Watson,Medicine,3,for their discoveries concerning the molecular structure of nucleic acids and its significance for information transfer in living material,373,male,1928-04-06,USA,Chicago IL,US,,,,,Harvard University,Cambridge MA,USA,1928
1962,Francis,Crick,Medicine,3,for their discoveries concerning the molecular structure of nucleic acids and its significance for information transfer in living material,372,male,1916-06-08,United Kingdom,Northampton,GB,2004-07-28,USA,San Diego CA,US,MRC Laboratory of Molecular Biology,Cambridge,United Kingdom,1916
1962,Linus,Pauling,Peace,1,for his fight against the nuclear arms race between East and West,217,male,1901-02-28,USA,Portland OR,US,1994-08-19,USA,Big Sur CA,US,California Institute of Technology (Caltech),Pasadena CA,USA,1901
1962,John C.,Kendrew,Chemistry,2,for their studies of the structures of globular proteins,227,male,1917-03-24,United Kingdom,Oxford,GB,1997-08-23,United Kingdom,Cambridge,GB,MRC Laboratory of Molecular Biology,Cambridge,United Kingdom,1917
1962,Max F.,Perutz,Chemistry,2,for their studies of the structures of globular proteins,226,male,1914-05-19,Austria,Vienna,AT,2002-02-06,United Kingdom,Cambridge,GB,MRC Laboratory of Molecular Biology,Cambridge,United Kingdom,1914
1962,Lev,Landau,Physics,1,for his pioneering theories for condensed matter especially liquid helium,77,male,1908-01-22,Russian Empire (now Azerbaijan),Baku,AZ,1968-04-01,USSR (now Russia),Moscow,RU,Academy of Sciences,Moscow,USSR (now Russia),1908
1962,John,Steinbeck,Literature,1,for his realistic and imaginative writings combining as they do sympathetic humour and keen social perception,634,male,1902-02-27,USA,Salinas CA,US,1968-12-20,USA,New York NY,US,,,,1902
1963,Andrew,Huxley,Medicine,3,for their discoveries concerning the ionic mechanisms involved in excitation and inhibition in the peripheral and central portions of the nerve cell membrane,377,male,1917-11-22,United Kingdom,Hampstead,GB,2012-05-30,United Kingdom,Grantchester,GB,University College,London,United Kingdom,1917
1963,Alan,Hodgkin,Medicine,3,for their discoveries concerning the ionic mechanisms involved in excitation and inhibition in the peripheral and central portions of the nerve cell membrane,376,male,1914-02-05,United Kingdom,Banbury,GB,1998-12-20,United Kingdom,Cambridge,GB,University of Cambridge,Cambridge,United Kingdom,1914
1963,Sir John,Eccles,Medicine,3,for their discoveries concerning the ionic mechanisms involved in excitation and inhibition in the peripheral and central portions of the nerve cell membrane,375,male,1903-01-27,Australia,Melbourne,AU,1997-05-02,Switzerland,Contra,CH,Australian National University,Canberra,Australia,1903
1963,J. Hans D.,Jensen,Physics,4,for their discoveries concerning nuclear shell structure,80,male,1907-06-25,Germany,Hamburg,DE,1973-02-11,West Germany (now Germany),Heidelberg,DE,University of Heidelberg,Heidelberg,Germany,1907
1963,Eugene,Wigner,Physics,2,for his contributions to the theory of the atomic nucleus and the elementary particles particularly through the discovery and application of fundamental symmetry principles,78,male,1902-11-17,Austria-Hungary (now Hungary),Budapest,HU,1995-01-01,USA,Princeton NJ,US,Princeton University,Princeton NJ,USA,1902
1963,International Committee of the Red Cross,,Peace,2,for promoting the principles of the Geneva Convention and cooperation with the UN,482,org,,,,,,,,,,,,1863
1963,League of Red Cross Societies,,Peace,2,for promoting the principles of the Geneva Convention and cooperation with the UN,523,org,,,,,,,,,,,,1919
1963,Giorgos,Seferis,Literature,1,for his eminent lyrical writing inspired by a deep feeling for the Hellenic world of culture,635,male,1900-03-13,Ottoman Empire (now Turkey),Smyrna (now Izmir),TR,1971-09-20,Greece,Athens,GR,,,,1900
1963,Maria,Goeppert Mayer,Physics,4,for their discoveries concerning nuclear shell structure,79,female,1906-06-28,Germany (now Poland),Kattowitz (now Katowice),PL,1972-02-20,USA,San Diego CA,US,University of California,San Diego CA,USA,1906
1963,Karl,Ziegler,Chemistry,2,for their discoveries in the field of the chemistry and technology of high polymers,228,male,1898-11-26,Germany,Helsa,DE,1973-08-12,West Germany (now Germany),Mülheim,DE,Max-Planck-Institut für Kohlenforschung,Mülheim an der Ruhr,Germany,1898
1963,Giulio,Natta,Chemistry,2,for their discoveries in the field of the chemistry and technology of high polymers,229,male,1903-02-26,Italy,Imperia,IT,1979-05-02,Italy,Bergamo,IT,Institute of Technology,Milan,Italy,1903
1964,Nicolay G.,Basov,Physics,4,for fundamental work in the field of quantum electronics which has led to the construction of oscillators and amplifiers based on the maser-laser principle,82,male,1922-12-14,USSR (now Russia),Usman,RU,2001-07-01,Russia,Moscow,RU,P.N. Lebedev Physical Institute,Moscow,USSR (now Russia),1922
1964,Jean-Paul,Sartre,Literature,1,for his work which rich in ideas and filled with the spirit of freedom and the quest for truth has exerted a far-reaching influence on our age,637,male,1905-06-21,France,Paris,FR,1980-04-15,France,Paris,FR,,,,1905
1964,Martin Luther,King Jr.,Peace,1,for his non-violent struggle for civil rights for the Afro-American population,524,male,1929-01-15,USA,Atlanta GA,US,1968-04-04,USA,Memphis TN,US,,,,1929
1964,Aleksandr M.,Prokhorov,Physics,4,for fundamental work in the field of quantum electronics which has led to the construction of oscillators and amplifiers based on the maser-laser principle,83,male,1916-07-11,Australia,Atherton,AU,2002-01-08,Russia,Moscow,RU,P.N. Lebedev Physical Institute,Moscow,USSR (now Russia),1916
1964,Feodor,Lynen,Medicine,2,for their discoveries concerning the mechanism and regulation of the cholesterol and fatty acid metabolism,379,male,1911-04-06,Germany,Munich,DE,1979-08-06,Germany,Munich,DE,Max-Planck-Institut für Zellchemie,Munich,Germany,1911
1964,Charles H.,Townes,Physics,2,for fundamental work in the field of quantum electronics which has led to the construction of oscillators and amplifiers based on the maser-laser principle,81,male,1915-07-28,USA,Greenville SC,US,2015-01-27,USA,Berkeley CA,US,Massachusetts Institute of Technology (MIT),Cambridge MA,USA,1915
1964,Konrad,Bloch,Medicine,2,for their discoveries concerning the mechanism and regulation of the cholesterol and fatty acid metabolism,378,male,1912-01-21,Germany (now Poland),Neisse (now Nysa),PL,2000-10-15,USA,Burlington MA,US,Harvard University,Cambridge MA,USA,1912
1964,Dorothy Crowfoot,Hodgkin,Chemistry,1,for her determinations by X-ray techniques of the structures of important biochemical substances,230,female,1910-05-12,Egypt,Cairo,EG,1994-07-29,United Kingdom,Shipston-on-Stour,GB,University of Oxford Royal Society,Oxford,United Kingdom,1910
1965,Robert B.,Woodward,Chemistry,1,for his outstanding achievements in the art of organic synthesis,231,male,1917-04-10,USA,Boston MA,US,1979-07-08,USA,Cambridge MA,US,Harvard University,Cambridge MA,USA,1917
1965,François,Jacob,Medicine,3,for their discoveries concerning genetic control of enzyme and virus synthesis,380,male,1920-06-17,France,Nancy,FR,2013-04-19,France,Paris,FR,Institut Pasteur,Paris,France,1920
1965,André,Lwoff,Medicine,3,for their discoveries concerning genetic control of enzyme and virus synthesis,381,male,1902-05-08,France,Ainay-le-Château,FR,1994-09-30,France,Paris,FR,Institut Pasteur,Paris,France,1902
1965,Jacques,Monod,Medicine,3,for their discoveries concerning genetic control of enzyme and virus synthesis,382,male,1910-02-09,France,Paris,FR,1976-05-31,France,Cannes,FR,Institut Pasteur,Paris,France,1910
1965,United Nations Children's Fund,,Peace,1,for its effort to enhance solidarity between nations and reduce the difference between rich and poor states,525,org,,,,,,,,,,,,1946
1965,Sin-Itiro,Tomonaga,Physics,3,for their fundamental work in quantum electrodynamics with deep-ploughing consequences for the physics of elementary particles,84,male,1906-03-31,Japan,Kyoto,JP,1979-07-08,Japan,Tokyo,JP,Tokyo University of Education,Tokyo,Japan,1906
1965,Mikhail,Sholokhov,Literature,1,for the artistic power and integrity with which in his epic of the Don he has given expression to a historic phase in the life of the Russian people,638,male,1905-05-24,Russia,Veshenskaya,RU,1984-02-21,USSR (now Russia),Veshenskaya,RU,,,,1905
1965,Julian,Schwinger,Physics,3,for their fundamental work in quantum electrodynamics with deep-ploughing consequences for the physics of elementary particles,85,male,1918-02-12,USA,New York NY,US,1994-07-16,USA,Los Angeles CA,US,Harvard University,Cambridge MA,USA,1918
1965,Richard P.,Feynman,Physics,3,for their fundamental work in quantum electrodynamics with deep-ploughing consequences for the physics of elementary particles,86,male,1918-05-11,USA,New York NY,US,1988-02-15,USA,Los Angeles CA,US,California Institute of Technology (Caltech),Pasadena CA,USA,1918
1966,Charles B.,Huggins,Medicine,2,for his discoveries concerning hormonal treatment of prostatic cancer,384,male,1901-09-22,Canada,Halifax Nova Scotia,CA,1997-01-12,USA,Chicago IL,US,University of Chicago Ben May Laboratory for Cancer Research,Chicago IL,USA,1901
1966,Shmuel,Agnon,Literature,2,for his profoundly characteristic narrative art with motifs from the life of the Jewish people,639,male,1888-07-17,Austria-Hungary (now Ukraine),Buczacz (now Buchach),UA,1970-02-17,Israel,Rehovot,IL,,,,1888
1966,Robert S.,Mulliken,Chemistry,1,for his fundamental work concerning chemical bonds and the electronic structure of molecules by the molecular orbital method,232,male,1896-06-07,USA,Newburyport MA,US,1986-10-31,USA,Arlington VA,US,University of Chicago,Chicago IL,USA,1896
1966,Peyton,Rous,Medicine,2,for his discovery of tumour-inducing viruses,383,male,1879-10-05,USA,Baltimore MD,US,1970-02-16,USA,New York NY,US,Rockefeller University,New York NY,USA,1879
1966,Nelly,Sachs,Literature,2,for her outstanding lyrical and dramatic writing which interprets Israel's destiny with touching strength,640,female,1891-12-10,Germany,Berlin,DE,1970-05-12,Sweden,Stockholm,SE,,,,1891
1966,Alfred,Kastler,Physics,1,for the discovery and development of optical methods for studying Hertzian resonances in atoms,87,male,1902-05-03,Germany (now France),Guebwiller,FR,1984-01-07,France,Bandol,FR,École Normale Supérieure,Paris,France,1902
1967,Ragnar,Granit,Medicine,3,for their discoveries concerning the primary physiological and chemical visual processes in the eye,385,male,1900-10-30,Russian Empire (now Finland),Helsinki,FI,1991-03-12,Sweden,Stockholm,SE,Karolinska Institutet,Stockholm,Sweden,1900
1967,George,Wald,Medicine,3,for their discoveries concerning the primary physiological and chemical visual processes in the eye,387,male,1906-11-18,USA,New York NY,US,1997-04-12,USA,Cambridge MA,US,Harvard University,Cambridge MA,USA,1906
1967,George,Porter,Chemistry,4,for their studies of extremely fast chemical reactions effected by disturbing the equilibrium by means of very short pulses of energy,235,male,1920-12-06,United Kingdom,Stainforth,GB,2002-08-31,United Kingdom,Canterbury,GB,Royal Institution of Great Britain,London,United Kingdom,1920
1967,Miguel Angel,Asturias,Literature,1,for his vivid literary achievement deep-rooted in the national traits and traditions of Indian peoples of Latin America,641,male,1899-10-19,Guatemala,Guatemala City,GT,1974-06-09,Spain,Madrid,ES,,,,1899
1967,Ronald G.W.,Norrish,Chemistry,4,for their studies of extremely fast chemical reactions effected by disturbing the equilibrium by means of very short pulses of energy,234,male,1897-11-09,United Kingdom,Cambridge,GB,1978-06-07,United Kingdom,Cambridge,GB,Institute of Physical Chemistry,Cambridge,United Kingdom,1897
1967,Manfred,Eigen,Chemistry,2,for their studies of extremely fast chemical reactions effected by disturbing the equilibrium by means of very short pulses of energy,233,male,1927-05-09,Germany,Bochum,DE,2019-02-06,Germany,Göttingen,DE,Max-Planck-Institut für Physikalische Chemie,Göttingen,Germany,1927
1967,Keffer,Hartline,Medicine,3,for their discoveries concerning the primary physiological and chemical visual processes in the eye,386,male,1903-12-22,USA,Bloomsburg PA,US,1983-03-17,USA,Fallston MD,US,Rockefeller University,New York NY,USA,1903
1967,Hans,Bethe,Physics,1,for his contributions to the theory of nuclear reactions especially his discoveries concerning the energy production in stars,88,male,1906-07-02,Germany (now France),Strasbourg,FR,2005-03-06,USA,Ithaca NY,US,Cornell University,Ithaca NY,USA,1906
1968,H. Gobind,Khorana,Medicine,3,for their interpretation of the genetic code and its function in protein synthesis,389,male,1922-01-09,India,Raipur,IN,2011-11-09,USA,Concord MA,US,University of Wisconsin,Madison WI,USA,1922
1968,Marshall W.,Nirenberg,Medicine,3,for their interpretation of the genetic code and its function in protein synthesis,390,male,1927-04-10,USA,New York NY,US,2010-01-15,USA,New York NY,US,National Institutes of Health,Bethesda MD,USA,1927
1968,Lars,Onsager,Chemistry,1,for the discovery of the reciprocal relations bearing his name which are fundamental for the thermodynamics of irreversible processes,236,male,1903-11-27,Norway,Kristiania (now Oslo),NO,1976-10-05,USA,Coral Gables FL,US,Yale University,New Haven CT,USA,1903
1968,René,Cassin,Peace,1,for his struggle to ensure the rights of man as stipulated in the UN Declaration,526,male,1887-10-05,France,Bayonne,FR,1976-02-20,France,Paris,FR,,,,1887
1968,Robert W.,Holley,Medicine,3,for their interpretation of the genetic code and its function in protein synthesis,388,male,1922-01-28,USA,Urbana IL,US,1993-02-11,USA,Los Gatos CA,US,Cornell University,Ithaca NY,USA,1922
1968,Luis,Alvarez,Physics,1,for his decisive contributions to elementary particle physics in particular the discovery of a large number of resonance states made possible through his development of the technique of using hydrogen bubble chamber and data analysis,89,male,1911-06-13,USA,San Francisco CA,US,1988-09-01,USA,Berkeley CA,US,University of California,Berkeley CA,USA,1911
1968,Yasunari,Kawabata,Literature,1,for his narrative mastery which with great sensibility expresses the essence of the Japanese mind,642,male,1899-06-11,Japan,Osaka,JP,1972-04-16,Japan,Zushi,JP,,,,1899
1969,Derek,Barton,Chemistry,2,for their contributions to the development of the concept of conformation and its application in chemistry,237,male,1918-09-08,United Kingdom,Gravesend,GB,1998-03-16,USA,College Station TX,US,Imperial College,London,United Kingdom,1918
1969,Samuel,Beckett,Literature,1,for his writing which - in new forms for the novel and drama - in the destitution of modern man acquires its elevation,643,male,1906-04-13,Ireland,Dublin,IE,1989-12-22,France,Paris,FR,,,,1906
1969,Ragnar,Frisch,Economics,2,for having developed and applied dynamic models for the analysis of economic processes,677,male,1895-03-03,Norway,Oslo,NO,1973-01-31,Norway,Oslo,NO,University of Oslo,Oslo,Norway,1895
1969,Murray,Gell-Mann,Physics,1,for his contributions and discoveries concerning the classification of elementary particles and their interactions,90,male,1929-09-15,USA,New York NY,US,2019-05-24,USA,Santa Fe NM,US,California Institute of Technology (Caltech),Pasadena CA,USA,1929
1969,Jan,Tinbergen,Economics,2,for having developed and applied dynamic models for the analysis of economic processes,678,male,1903-04-12,the Netherlands,the Hague,NL,1994-06-09,the Netherlands,the Hague,NL,The Netherlands School of Economics,Rotterdam,the Netherlands,1903
1969,International Labour Organization,,Peace,1,for creating international legislation insuring certain norms for working conditions in every country,527,org,,,,,,,,,,,,1919
1969,Salvador E.,Luria,Medicine,3,for their discoveries concerning the replication mechanism and the genetic structure of viruses,393,male,1912-08-13,Italy,Turin,IT,1991-02-06,USA,Lexington MA,US,Massachusetts Institute of Technology (MIT),Cambridge MA,USA,1912
1969,Alfred D.,Hershey,Medicine,3,for their discoveries concerning the replication mechanism and the genetic structure of viruses,392,male,1908-12-04,USA,Owosso MI,US,1997-05-22,USA,Syosset NY,US,Carnegie Institution of Washington,Long Island New York NY,USA,1908
1969,Max,Delbrück,Medicine,3,for their discoveries concerning the replication mechanism and the genetic structure of viruses,391,male,1906-09-04,Germany,Berlin,DE,1981-03-09,USA,Pasadena CA,US,California Institute of Technology (Caltech),Pasadena CA,USA,1906
1969,Odd,Hassel,Chemistry,2,for their contributions to the development of the concept of conformation and its application in chemistry,238,male,1897-05-17,Norway,Kristiania (now Oslo),NO,1981-05-11,Norway,Oslo,NO,University of Oslo,Oslo,Norway,1897
1970,Hannes,Alfvén,Physics,2,for fundamental work and discoveries in magnetohydro-dynamics with fruitful applications in different parts of plasma physics,91,male,1908-05-30,Sweden,Norrköping,SE,1995-04-02,Sweden,Djursholm,SE,Royal Institute of Technology,Stockholm,Sweden,1908
1970,Louis,Néel,Physics,2,for fundamental work and discoveries concerning antiferromagnetism and ferrimagnetism which have led to important applications in solid state physics,92,male,1904-11-22,France,Lyon,FR,2000-11-17,France,Brive-Corrèze,FR,University of Grenoble,Grenoble,France,1904
1970,Norman,Borlaug,Peace,1,for having given a well-founded hope - the green revolution,528,male,1914-03-25,USA,Cresco IA,US,2009-09-12,USA,Dallas TX,US,,,,1914
1970,Luis,Leloir,Chemistry,1,for his discovery of sugar nucleotides and their role in the biosynthesis of carbohydrates,239,male,1906-09-06,France,Paris,FR,1987-12-02,Argentina,Buenos Aires,AR,Institute for Biochemical Research,Buenos Aires,Argentina,1906
1970,Alexandr,Solzhenitsyn,Literature,1,for the ethical force with which he has pursued the indispensable traditions of Russian literature,644,male,1918-12-11,Russia,Kislovodsk,RU,2008-08-03,Russia,Troitse-Lykovo,RU,,,,1918
1970,Paul A.,Samuelson,Economics,1,for the scientific work through which he has developed static and dynamic economic theory and actively contributed to raising the level of analysis in economic science,679,male,1915-05-15,USA,Gary IN,US,2009-12-13,USA,Belmont MA,US,Massachusetts Institute of Technology (MIT),Cambridge MA,USA,1915
1970,Julius,Axelrod,Medicine,3,for their discoveries concerning the humoral transmitters in the nerve terminals and the mechanism for their storage release and inactivation,396,male,1912-05-30,USA,New York NY,US,2004-12-29,USA,Rockville MD,US,National Institutes of Health,Bethesda MD,USA,1912
1970,Ulf,von Euler,Medicine,3,for their discoveries concerning the humoral transmitters in the nerve terminals and the mechanism for their storage release and inactivation,395,male,1905-02-07,Sweden,Stockholm,SE,1983-03-09,Sweden,Stockholm,SE,Karolinska Institutet,Stockholm,Sweden,1905
1970,Sir Bernard,Katz,Medicine,3,for their discoveries concerning the humoral transmitters in the nerve terminals and the mechanism for their storage release and inactivation,394,male,1911-03-26,Germany,Leipzig,DE,2003-04-20,United Kingdom,London,GB,University College,London,United Kingdom,1911
1971,Willy,Brandt,Peace,1,for paving the way for a meaningful dialogue between East and West,529,male,1913-12-18,Germany,Lübeck,DE,1992-10-08,Germany,Unkel,DE,,,,1913
1971,Dennis,Gabor,Physics,1,for his invention and development of the holographic method,93,male,1900-06-05,Hungary,Budapest,HU,1979-02-08,United Kingdom,London,GB,Imperial College,London,United Kingdom,1900
1971,Simon,Kuznets,Economics,1,for his empirically founded interpretation of economic growth which has led to new and deepened insight into the economic and social structure and process of development,680,male,1901-04-30,Russian Empire (now Belarus),Pinsk,BY,1985-07-08,USA,Cambridge MA,US,Harvard University,Cambridge MA,USA,1901
1971,Gerhard,Herzberg,Chemistry,1,for his contributions to the knowledge of electronic structure and geometry of molecules particularly free radicals,240,male,1904-12-25,Germany,Hamburg,DE,1999-03-03,Canada,Ottawa,CA,National Research Council of Canada,Ottawa,Canada,1904
1971,Earl W.,Sutherland Jr.,Medicine,1,for his discoveries concerning the mechanisms of the action of hormones,397,male,1915-11-19,USA,Burlingame KS,US,1974-03-09,USA,Miami FL,US,Vanderbilt University,Nashville TN,USA,1915
1971,Pablo,Neruda,Literature,1,for a poetry that with the action of an elemental force brings alive a continent's destiny and dreams,645,male,1904-07-12,Chile,Parral,CL,1973-09-23,Chile,Santiago,CL,,,,1904
1972,Heinrich,Böll,Literature,1,for his writing which through its combination of a broad perspective on his time and a sensitive skill in characterization has contributed to a renewal of German literature,647,male,1917-12-21,Germany,Cologne,DE,1985-07-16,West Germany (now Germany),Bornheim-Merten,DE,,,,1917
1972,Gerald M.,Edelman,Medicine,2,for their discoveries concerning the chemical structure of antibodies,398,male,1929-07-01,USA,New York NY,US,2014-05-17,USA,La Jolla CA,US,Rockefeller University,New York NY,USA,1929
1972,Leon N.,Cooper,Physics,3,for their jointly developed theory of superconductivity usually called the BCS-theory,95,male,1930-02-28,USA,New York NY,US,,,,,Brown University,Providence RI,USA,1930
1972,Stanford,Moore,Chemistry,4,for their contribution to the understanding of the connection between chemical structure and catalytic activity of the active centre of the ribonuclease molecule,242,male,1913-09-04,USA,Chicago IL,US,1982-08-23,USA,New York NY,US,Rockefeller University,New York NY,USA,1913
1972,Christian,Anfinsen,Chemistry,2,for his work on ribonuclease especially concerning the connection between the amino acid sequence and the biologically active conformation,241,male,1916-03-26,USA,Monessen PA,US,1995-05-14,USA,Randallstown MD,US,National Institutes of Health,Bethesda MD,USA,1916
1972,William H.,Stein,Chemistry,4,for their contribution to the understanding of the connection between chemical structure and catalytic activity of the active centre of the ribonuclease molecule,243,male,1911-06-25,USA,New York NY,US,1980-02-02,USA,New York NY,US,Rockefeller University,New York NY,USA,1911
1972,John,Bardeen,Physics,3,for their jointly developed theory of superconductivity usually called the BCS-theory,66,male,1908-05-23,USA,Madison WI,US,1991-01-30,USA,Boston MA,US,University of Illinois,Urbana IL,USA,1908
1972,Kenneth J.,Arrow,Economics,2,for their pioneering contributions to general economic equilibrium theory and welfare theory,682,male,1921-08-23,USA,New York NY,US,2017-02-21,USA,Palo Alto CA,US,Harvard University,Cambridge MA,USA,1921
1972,John R.,Hicks,Economics,2,for their pioneering contributions to general economic equilibrium theory and welfare theory,681,male,1904-04-08,United Kingdom,Warwick,GB,1989-05-20,United Kingdom,Blockley,GB,All Souls College,Oxford,United Kingdom,1904
1972,Robert,Schrieffer,Physics,3,for their jointly developed theory of superconductivity usually called the BCS-theory,96,male,1931-05-31,USA,Oak Park IL,US,2019-07-27,USA,Tallahassee FL,US,University of Pennsylvania,Philadelphia PA,USA,1931
1972,Rodney R.,Porter,Medicine,2,for their discoveries concerning the chemical structure of antibodies,399,male,1917-10-08,United Kingdom,Newton-le-Willows,GB,1985-09-06,United Kingdom,Winchester,GB,University of Oxford,Oxford,United Kingdom,1917
1973,Brian D.,Josephson,Physics,2,for his theoretical predictions of the properties of a supercurrent through a tunnel barrier in particular those phenomena which are generally known as the Josephson effects,99,male,1940-01-04,United Kingdom,Cardiff,GB,,,,,University of Cambridge,Cambridge,United Kingdom,1940
1973,Ernst Otto,Fischer,Chemistry,2,for their pioneering work performed independently on the chemistry of the organometallic so called sandwich compounds,244,male,1918-11-10,Germany,Munich,DE,2007-07-23,Germany,Munich,DE,Technical University,Munich,Germany,1918
1973,Geoffrey,Wilkinson,Chemistry,2,for their pioneering work performed independently on the chemistry of the organometallic so called sandwich compounds,245,male,1921-07-14,United Kingdom,Todmorden,GB,1996-09-26,United Kingdom,London,GB,Imperial College,London,United Kingdom,1921
1973,Le Duc Tho,,Peace,2,for jointly having negotiated a cease fire in Vietnam in 1973,531,male,1911-10-14,Vietnam,Nam Ha province,VN,1990-10-13,Vietnam,Hanoi,VN,,,,1911
1973,Wassily,Leontief,Economics,1,for the development of the input-output method and for its application to important economic problems,683,male,1906-08-05,Russia,St. Petersburg,RU,1999-02-05,USA,New York NY,US,Harvard University,Cambridge MA,USA,1906
1973,Konrad,Lorenz,Medicine,3,for their discoveries concerning organization and elicitation of individual and social behaviour patterns,401,male,1903-11-07,Austria,Vienna,AT,1989-02-27,Austria,Vienna,AT,Konrad-Lorenz-Institut der Österreichischen Akademie der Wissen­schaften Forschungsstelle für Ethologie,Altenberg; Grünau im Almtal,Austria,1903
1973,Leo,Esaki,Physics,4,for their experimental discoveries regarding tunneling phenomena in semiconductors and superconductors respectively,97,male,1925-03-12,Japan,Osaka,JP,,,,,IBM Thomas J. Watson Research Center,Yorktown Heights NY,USA,1925
1973,Ivar,Giaever,Physics,4,for their experimental discoveries regarding tunneling phenomena in semiconductors and superconductors respectively,98,male,1929-04-05,Norway,Bergen,NO,,,,,General Electric Company,Schenectady NY,USA,1929
1973,Karl,von Frisch,Medicine,3,for their discoveries concerning organization and elicitation of individual and social behaviour patterns,400,male,1886-11-20,Austria,Vienna,AT,1982-06-12,West Germany (now Germany),Munich,DE,Zoologisches Institut der Universität München,Munich,Germany,1886
1973,Patrick,White,Literature,1,for an epic and psychological narrative art which has introduced a new continent into literature,648,male,1912-05-28,United Kingdom,London,GB,1990-09-30,Australia,Sydney,AU,,,,1912
1973,Henry,Kissinger,Peace,2,for jointly having negotiated a cease fire in Vietnam in 1973,530,male,1923-05-27,Germany,Fürth,DE,,,,,,,,1923
1973,Nikolaas,Tinbergen,Medicine,3,for their discoveries concerning organization and elicitation of individual and social behaviour patterns,402,male,1907-04-15,the Netherlands,the Hague,NL,1988-12-21,United Kingdom,Oxford,GB,University of Oxford,Oxford,United Kingdom,1907
1974,Paul J.,Flory,Chemistry,1,for his fundamental achievements both theoretical and experimental in the physical chemistry of the macromolecules,246,male,1910-06-19,USA,Sterling IL,US,1985-09-08,USA,Big Sur CA,US,Stanford University,Stanford CA,USA,1910
1974,Eyvind,Johnson,Literature,2,for a narrative art far-seeing in lands and ages in the service of freedom,649,male,1900-07-29,Sweden,Svartbjörnsbyn,SE,1976-08-25,Sweden,Stockholm,SE,,,,1900
1974,Gunnar,Myrdal,Economics,2,for their pioneering work in the theory of money and economic fluctuations and for their penetrating analysis of the interdependence of economic social and institutional phenomena,684,male,1898-12-06,Sweden,Skattungbyn,SE,1987-05-17,Sweden,Stockholm,SE,,,,1898
1974,Harry,Martinson,Literature,2,for writings that catch the dewdrop and reflect the cosmos,650,male,1904-05-06,Sweden,Jämshög,SE,1978-02-11,Sweden,Stockholm,SE,,,,1904
1974,Christian,de Duve,Medicine,3,for their discoveries concerning the structural and functional organization of the cell,404,male,1917-10-02,United Kingdom,Thames Ditton,GB,2013-05-04,Belgium,Nethen,BE,Rockefeller University,New York NY,USA,1917
1974,Antony,Hewish,Physics,2,for their pioneering research in radio astrophysics: Ryle for his observations and inventions in particular of the aperture synthesis technique and Hewish for his decisive role in the discovery of pulsars,101,male,1924-05-11,United Kingdom,Fowey,GB,2021-09-13,,,,University of Cambridge,Cambridge,United Kingdom,1924
1974,Martin,Ryle,Physics,2,for their pioneering research in radio astrophysics: Ryle for his observations and inventions in particular of the aperture synthesis technique and Hewish for his decisive role in the discovery of pulsars,100,male,1918-09-27,United Kingdom,Brighton,GB,1984-10-14,United Kingdom,Cambridge,GB,University of Cambridge,Cambridge,United Kingdom,1918
1974,George E.,Palade,Medicine,3,for their discoveries concerning the structural and functional organization of the cell,405,male,1912-11-19,Romania,Iasi,RO,2008-10-07,USA,Del Mar CA,US,Yale University School of Medicine,New Haven CT,USA,1912
1974,Eisaku,Sato,Peace,2,for his contribution to stabilize conditions in the Pacific rim area and for signing the Nuclear Non-Proliferation Treaty,533,male,1901-03-27,Japan,Tabuse,JP,1975-06-03,Japan,Tokyo,JP,,,,1901
1974,Seán,MacBride,Peace,2,for his efforts to secure and develop human rights throughout the world,532,male,1904-01-26,France,Paris,FR,1988-01-15,Ireland,Dublin,IE,,,,1904
1974,Friedrich,von Hayek,Economics,2,for their pioneering work in the theory of money and economic fluctuations and for their penetrating analysis of the interdependence of economic social and institutional phenomena,685,male,1899-05-08,Austria,Vienna,AT,1992-03-23,Germany,Freiburg,DE,,,,1899
1974,Albert,Claude,Medicine,3,for their discoveries concerning the structural and functional organization of the cell,403,male,1898-08-24,Belgium,Longlier,BE,1983-05-22,Belgium,Brussels,BE,Université Catholique de Louvain,Louvain,Belgium,1898
1975,John,Cornforth,Chemistry,2,for his work on the stereochemistry of enzyme-catalyzed reactions,247,male,1917-09-07,Australia,Sydney,AU,2013-12-08,,,,University of Sussex,Brighton,United Kingdom,1917
1975,Vladimir,Prelog,Chemistry,2,for his research into the stereochemistry of organic molecules and reactions,248,male,1906-07-23,Austria-Hungary (now Bosnia and Herzegovina),Sarajevo,BA,1998-01-07,Switzerland,Zurich,CH,Eidgenössische Technische Hochschule (Swiss Federal Institute of Technology),Zurich,Switzerland,1906
1975,Howard M.,Temin,Medicine,3,for their discoveries concerning the interaction between tumour viruses and the genetic material of the cell,408,male,1934-12-10,USA,Philadelphia PA,US,1994-02-09,USA,Madison WI,US,University of Wisconsin,Madison WI,USA,1934
1975,Aage N.,Bohr,Physics,3,for the discovery of the connection between collective motion and particle motion in atomic nuclei and the development of the theory of the structure of the atomic nucleus based on this connection,102,male,1922-06-19,Denmark,Copenhagen,DK,2009-09-08,Denmark,Copenhagen,DK,Niels Bohr Institute,Copenhagen,Denmark,1922
1975,Ben R.,Mottelson,Physics,3,for the discovery of the connection between collective motion and particle motion in atomic nuclei and the development of the theory of the structure of the atomic nucleus based on this connection,103,male,1926-07-09,USA,Chicago IL,US,2022-05-13,,,,Nordita,Copenhagen,Denmark,1926
1975,James,Rainwater,Physics,3,for the discovery of the connection between collective motion and particle motion in atomic nuclei and the development of the theory of the structure of the atomic nucleus based on this connection,104,male,1917-12-09,USA,Council ID,US,1986-03-31,USA,Yonkers NY,US,Columbia University,New York NY,USA,1917
1975,Tjalling C.,Koopmans,Economics,2,for their contributions to the theory of optimum allocation of resources,687,male,1910-08-28,the Netherlands,'s Graveland,NL,1985-02-26,USA,New Haven CT,US,Yale University,New Haven CT,USA,1910
1975,Leonid Vitaliyevich,Kantorovich,Economics,2,for their contributions to the theory of optimum allocation of resources,686,male,1912-01-19,Russian Empire (now Russia),St. Petersburg,RU,1986-04-07,USSR (now Russia),Moscow,RU,Academy of Sciences,Moscow,USSR (now Russia),1912
1975,Eugenio,Montale,Literature,1,for his distinctive poetry which with great artistic sensitivity has interpreted human values under the sign of an outlook on life with no illusions,651,male,1896-10-12,Italy,Genoa,IT,1981-09-12,Italy,Milan,IT,,,,1896
1975,David,Baltimore,Medicine,3,for their discoveries concerning the interaction between tumour viruses and the genetic material of the cell,406,male,1938-03-07,USA,New York NY,US,,,,,Massachusetts Institute of Technology (MIT),Cambridge MA,USA,1938
1975,Renato,Dulbecco,Medicine,3,for their discoveries concerning the interaction between tumour viruses and the genetic material of the cell,407,male,1914-02-22,Italy,Catanzaro,IT,2012-02-19,USA,La Jolla CA,US,Imperial Cancer Research Fund Laboratory,London,United Kingdom,1914
1975,Andrei,Sakharov,Peace,1,for his struggle for human rights in the Soviet Union for disarmament and cooperation between all nations,534,male,1921-05-21,Russia,Moscow,RU,1989-12-14,USSR (now Russia),Moscow,RU,,,,1921
1976,Milton,Friedman,Economics,1,for his achievements in the fields of consumption analysis monetary history and theory and for his demonstration of the complexity of stabilization policy,688,male,1912-07-31,USA,Brooklyn NY,US,2006-11-16,USA,San Francisco CA,US,University of Chicago,Chicago IL,USA,1912
1976,William,Lipscomb,Chemistry,1,for his studies on the structure of boranes illuminating problems of chemical bonding,249,male,1919-12-09,USA,Cleveland OH,US,2011-04-14,USA,Cambridge MA,US,Harvard University,Cambridge MA,USA,1919
1976,Mairead,Corrigan,Peace,2,for the courageous efforts in founding a movement to put an end to the violent conflict in Northern Ireland,536,female,1944-01-27,Northern Ireland,Belfast,GB,,,,,,,,1944
1976,Burton,Richter,Physics,2,for their pioneering work in the discovery of a heavy elementary particle of a new kind,105,male,1931-03-22,USA,Brooklyn NY,US,2018-07-18,USA,Stanford CA,US,Stanford Linear Accelerator Center,Stanford CA,USA,1931
1976,Samuel C.C.,Ting,Physics,2,for their pioneering work in the discovery of a heavy elementary particle of a new kind,106,male,1936-01-27,USA,Ann Arbor MI,US,,,,,Massachusetts Institute of Technology (MIT),Cambridge MA,USA,1936
1976,Baruch S.,Blumberg,Medicine,2,for their discoveries concerning new mechanisms for the origin and dissemination of infectious diseases,409,male,1925-07-28,USA,New York NY,US,2011-04-05,USA,Moffett Field CA,US,The Institute for Cancer Research,Philadelphia PA,USA,1925
1976,D. Carleton,Gajdusek,Medicine,2,for their discoveries concerning new mechanisms for the origin and dissemination of infectious diseases,410,male,1923-09-09,USA,Yonkers NY,US,2008-12-12,Norway,Tromsø,NO,National Institutes of Health,Bethesda MD,USA,1923
1976,Betty,Williams,Peace,2,for the courageous efforts in founding a movement to put an end to the violent conflict in Northern Ireland,535,female,1943-05-22,Northern Ireland,Belfast,GB,2020-03-17,Northern Ireland,Belfast,GB,,,,1943
1976,Saul,Bellow,Literature,1,for the human understanding and subtle analysis of contemporary culture that are combined in his work,652,male,1915-06-10,Canada,Montreal,CA,2005-04-05,USA,Brookline MA,US,,,,1915
1977,Philip W.,Anderson,Physics,3,for their fundamental theoretical investigations of the electronic structure of magnetic and disordered systems,107,male,1923-12-13,USA,Indianapolis IN,US,2020-03-29,USA,Princeton NJ,US,Bell Telephone Laboratories,Murray Hill NJ,USA,1923
1977,James E.,Meade,Economics,2,for their pathbreaking contribution to the theory of international trade and international capital movements,690,male,1907-06-23,United Kingdom,Swanage,GB,1995-12-22,United Kingdom,Cambridge,GB,University of Cambridge,Cambridge,United Kingdom,1907
1977,Bertil,Ohlin,Economics,2,for their pathbreaking contribution to the theory of international trade and international capital movements,689,male,1899-04-23,Sweden,Klippan,SE,1979-08-03,Sweden,Vålådalen,SE,Stockholm School of Economics,Stockholm,Sweden,1899
1977,Sir Nevill F.,Mott,Physics,3,for their fundamental theoretical investigations of the electronic structure of magnetic and disordered systems,108,male,1905-09-30,United Kingdom,Leeds,GB,1996-08-08,United Kingdom,Milton Keynes,GB,University of Cambridge,Cambridge,United Kingdom,1905
1977,John H.,Van Vleck,Physics,3,for their fundamental theoretical investigations of the electronic structure of magnetic and disordered systems,109,male,1899-03-13,USA,Middletown CT,US,1980-10-27,USA,Cambridge MA,US,Harvard University,Cambridge MA,USA,1899
1977,Andrew V.,Schally,Medicine,4,for their discoveries concerning the peptide hormone production of the brain,412,male,1926-11-30,Poland (now Lithuania),Wilno (now Vilnius),LT,,,,,Veterans Administration Hospital,New Orleans LA,USA,1926
1977,Rosalyn,Yalow,Medicine,2,for the development of radioimmunoassays of peptide hormones,413,female,1921-07-19,USA,New York NY,US,2011-05-30,USA,New York NY,US,Veterans Administration Hospital,Bronx NY,USA,1921
1977,Ilya,Prigogine,Chemistry,1,for his contributions to non-equilibrium thermodynamics particularly the theory of dissipative structures,250,male,1917-01-25,Russia,Moscow,RU,2003-05-28,Belgium,Brussels,BE,Université Libre de Bruxelles,Brussels,Belgium,1917
1977,Roger,Guillemin,Medicine,4,for their discoveries concerning the peptide hormone production of the brain,411,male,1924-01-11,France,Dijon,FR,,,,,The Salk Institute,San Diego CA,USA,1924
1977,Amnesty International,,Peace,1,for worldwide respect for human rights,537,org,,,,,,,,,,,,1961
1977,Vicente,Aleixandre,Literature,1,for a creative poetic writing which illuminates man's condition in the cosmos and in present-day society at the same time representing the great renewal of the traditions of Spanish poetry between the wars,653,male,1898-04-26,Spain,Sevilla,ES,1984-12-14,Spain,Madrid,ES,,,,1898
1978,Anwar,al-Sadat,Peace,2,for jointly having negotiated peace between Egypt and Israel in 1978,538,male,1918-12-25,Egypt,Mit Abu al-Kawm,EG,1981-10-06,Egypt,Cairo,EG,,,,1918
1978,Menachem,Begin,Peace,2,for jointly having negotiated peace between Egypt and Israel in 1978,539,male,1913-08-16,Russian Empire (now Belarus),Brest Litovsk,BY,1992-03-09,Israel,Tel Aviv,IL,,,,1913
1978,Arno,Penzias,Physics,4,for their discovery of cosmic microwave background radiation,111,male,1933-04-26,Germany,Munich,DE,,,,,Bell Laboratories,Holmdel NJ,USA,1933
1978,Hamilton O.,Smith,Medicine,3,for the discovery of restriction enzymes and their application to problems of molecular genetics,416,male,1931-08-23,USA,New York NY,US,,,,,Johns Hopkins University School of Medicine,Baltimore MD,USA,1931
1978,Daniel,Nathans,Medicine,3,for the discovery of restriction enzymes and their application to problems of molecular genetics,415,male,1928-10-30,USA,Wilmington DE,US,1999-11-16,USA,Baltimore MD,US,Johns Hopkins University School of Medicine,Baltimore MD,USA,1928
1978,Werner,Arber,Medicine,3,for the discovery of restriction enzymes and their application to problems of molecular genetics,414,male,1929-06-03,Switzerland,Gränichen,CH,,,,,Biozentrum der Universität,Basel,Switzerland,1929
1978,Robert Woodrow,Wilson,Physics,4,for their discovery of cosmic microwave background radiation,112,male,1936-01-10,USA,Houston TX,US,,,,,Bell Laboratories,Holmdel NJ,USA,1936
1978,Isaac Bashevis,Singer,Literature,1,for his impassioned narrative art which with roots in a Polish-Jewish cultural tradition brings universal human conditions to life,654,male,1904-07-14,Russian Empire (now Poland),Leoncin,PL,1991-07-24,USA,Surfside FL,US,,,,1904
1978,Herbert,Simon,Economics,1,for his pioneering research into the decision-making process within economic organizations,691,male,1916-06-15,USA,Milwaukee WI,US,2001-02-09,USA,Pittsburgh PA,US,Carnegie Mellon University,Pittsburgh PA,USA,1916
1978,Pyotr,Kapitsa,Physics,2,for his basic inventions and discoveries in the area of low-temperature physics,110,male,1894-07-09,Russian Empire (now Russia),Kronshtadt,RU,1984-04-08,USSR (now Russia),Moscow,RU,Academy of Sciences,Moscow,USSR (now Russia),1894
1978,Peter,Mitchell,Chemistry,1,for his contribution to the understanding of biological energy transfer through the formulation of the chemiosmotic theory,251,male,1920-09-29,United Kingdom,Mitcham,GB,1992-04-10,United Kingdom,Bodmin,GB,Glynn Research Laboratories,Bodmin,United Kingdom,1920
1979,Georg,Wittig,Chemistry,2,for their development of the use of boron- and phosphorus-containing compounds respectively into important reagents in organic synthesis,253,male,1897-06-16,Germany,Berlin,DE,1987-08-26,West Germany (now Germany),Heidelberg,DE,University of Heidelberg,Heidelberg,Germany,1897
1979,Theodore W.,Schultz,Economics,2,for their pioneering research into economic development research with particular consideration of the problems of developing countries,692,male,1902-04-30,USA,Arlington SD,US,1998-02-26,USA,Evanston IL,US,University of Chicago,Chicago IL,USA,1902
1979,Sir Arthur,Lewis,Economics,2,for their pioneering research into economic development research with particular consideration of the problems of developing countries,693,male,1915-01-23,British West Indies (now Saint Lucia),Castries,LC,1991-06-15,Barbados,Bridgetown,BB,Princeton University,Princeton NJ,USA,1915
1979,Anjezë Gonxhe,Bojaxhiu,Peace,1,for her work for bringing help to suffering humanity,540,female,1910-08-26,Ottoman Empire (now North Macedonia),Uskup (now Skopje),MK,1997-09-05,India,Calcutta,IN,,,,1910
1979,Herbert C.,Brown,Chemistry,2,for their development of the use of boron- and phosphorus-containing compounds respectively into important reagents in organic synthesis,252,male,1912-05-22,United Kingdom,London,GB,2004-12-19,USA,Lafayette IN,US,Purdue University,West Lafayette IN,USA,1912
1979,Sheldon,Glashow,Physics,3,for their contributions to the theory of the unified weak and electromagnetic interaction between elementary particles including inter alia the prediction of the weak neutral current,113,male,1932-12-05,USA,New York NY,US,,,,,Harvard University Lyman Laboratory,Cambridge MA,USA,1932
1979,Steven,Weinberg,Physics,3,for their contributions to the theory of the unified weak and electromagnetic interaction between elementary particles including inter alia the prediction of the weak neutral current,115,male,1933-05-03,USA,New York NY,US,2021-07-23,USA,Austin TX,US,Harvard University,Cambridge MA,USA,1933
1979,Godfrey N.,Hounsfield,Medicine,2,for the development of computer assisted tomography,418,male,1919-08-28,United Kingdom,Newark,GB,2004-08-12,United Kingdom,Kingston upon Thames,GB,Central Research Laboratories EMI,London,United Kingdom,1919
1979,Allan M.,Cormack,Medicine,2,for the development of computer assisted tomography,417,male,1924-02-23,South Africa,Johannesburg,ZA,1998-05-07,USA,Winchester MA,US,Tufts University,Medford MA,USA,1924
1979,Odysseus,Elytis,Literature,1,for his poetry which against the background of Greek tradition depicts with sensuous strength and intellectual clear-sightedness modern man's struggle for freedom and creativeness,655,male,1911-11-02,Crete (now Greece),Iráklion,GR,1996-03-18,Greece,Athens,GR,,,,1911
1979,Abdus,Salam,Physics,3,for their contributions to the theory of the unified weak and electromagnetic interaction between elementary particles including inter alia the prediction of the weak neutral current,114,male,1926-01-29,India (now Pakistan),Jhang Maghiāna,PK,1996-11-21,United Kingdom,Oxford,GB,International Centre for Theoretical Physics,Trieste,Italy,1926
1980,Frederick,Sanger,Chemistry,4,for their contributions concerning the determination of base sequences in nucleic acids,222,male,1918-08-13,United Kingdom,Rendcombe,GB,2013-11-19,United Kingdom,Cambridge,GB,MRC Laboratory of Molecular Biology,Cambridge,United Kingdom,1918
1980,Jean,Dausset,Medicine,3,for their discoveries concerning genetically determined structures on the cell surface that regulate immunological reactions,420,male,1916-10-19,France,Toulouse,FR,2009-06-06,Spain,Palma Majorca,ES,Université de Paris Laboratoire Immuno-Hématologie,Paris,France,1916
1980,Baruj,Benacerraf,Medicine,3,for their discoveries concerning genetically determined structures on the cell surface that regulate immunological reactions,419,male,1920-10-29,Venezuela,Caracas,VE,2011-08-02,USA,Boston MA,US,Harvard Medical School,Boston MA,USA,1920
1980,Lawrence R.,Klein,Economics,1,for the creation of econometric models and the application to the analysis of economic fluctuations and economic policies,694,male,1920-09-14,USA,Omaha NE,US,2013-10-20,USA,Gladwyne PA,US,University of Pennsylvania,Philadelphia PA,USA,1920
1980,Paul,Berg,Chemistry,2,for his fundamental studies of the biochemistry of nucleic acids with particular regard to recombinant-DNA,254,male,1926-06-30,USA,New York NY,US,2023-02-15,USA,Stanford CA,US,Stanford University,Stanford CA,USA,1926
1980,Adolfo,Pérez Esquivel,Peace,1,for being a source of inspiration to repressed people especially in Latin America,541,male,1931-11-26,Argentina,Buenos Aires,AR,,,,,,,,1931
1980,Walter,Gilbert,Chemistry,4,for their contributions concerning the determination of base sequences in nucleic acids,255,male,1932-03-21,USA,Boston MA,US,,,,,Harvard University Biological Laboratories,Cambridge MA,USA,1932
1980,Val,Fitch,Physics,2,for the discovery of violations of fundamental symmetry principles in the decay of neutral K-mesons,117,male,1923-03-10,USA,Merriman NE,US,2015-02-05,USA,Princeton NJ,US,Princeton University,Princeton NJ,USA,1923
1980,James,Cronin,Physics,2,for the discovery of violations of fundamental symmetry principles in the decay of neutral K-mesons,116,male,1931-09-29,USA,Chicago IL,US,2016-08-25,USA,St. Paul MN,US,University of Chicago,Chicago IL,USA,1931
1980,Czeslaw,Milosz,Literature,1,who with uncompromising clear-sightedness voices man's exposed condition in a world of severe conflicts,657,male,1911-06-30,Russian Empire (now Lithuania),Śeteniai,LT,2004-08-14,Poland,Kraków,PL,,,,1911
1980,George D.,Snell,Medicine,3,for their discoveries concerning genetically determined structures on the cell surface that regulate immunological reactions,421,male,1903-12-19,USA,Bradford MA,US,1996-06-06,USA,Bar Harbor ME,US,Jackson Laboratory,Bar Harbor ME,USA,1903
1981,James,Tobin,Economics,1,for his analysis of financial markets and their relations to expenditure decisions employment production and prices,695,male,1918-03-05,USA,Champaign IL,US,2002-03-11,USA,New Haven CT,US,Yale University,New Haven CT,USA,1918
1981,Elias,Canetti,Literature,1,for writings marked by a broad outlook a wealth of ideas and artistic power,658,male,1905-07-25,Bulgaria,Ruse,BG,1994-08-14,Switzerland,Zurich,CH,,,,1905
1981,David H.,Hubel,Medicine,4,for their discoveries concerning information processing in the visual system,423,male,1926-02-27,Canada,Windsor ON,CA,2013-09-22,USA,Lincoln MA,US,Harvard Medical School,Boston MA,USA,1926
1981,Nicolaas,Bloembergen,Physics,4,for their contribution to the development of laser spectroscopy,118,male,1920-03-11,the Netherlands,Dordrecht,NL,2017-09-05,USA,Tucson AZ,US,Harvard University,Cambridge MA,USA,1920
1981,Office of the United Nations High Commissioner for Refugees,,Peace,1,for promoting the fundamental rights of refugees,515,org,1950-12-14,,,,,,,,,,,1950
1981,Roger W.,Sperry,Medicine,2,for his discoveries concerning the functional specialization of the cerebral hemispheres,422,male,1913-08-20,USA,Hartford CT,US,1994-04-17,USA,Pasadena CA,US,California Institute of Technology (Caltech),Pasadena CA,USA,1913
1981,Kenichi,Fukui,Chemistry,2,for their theories developed independently concerning the course of chemical reactions,257,male,1918-10-04,Japan,Nara,JP,1998-01-09,Japan,Kyoto,JP,Kyoto University,Kyoto,Japan,1918
1981,Roald,Hoffmann,Chemistry,2,for their theories developed independently concerning the course of chemical reactions,258,male,1937-07-18,Poland (now Ukraine),Zloczov,UA,,,,,Cornell University,Ithaca NY,USA,1937
1981,Torsten N.,Wiesel,Medicine,4,for their discoveries concerning information processing in the visual system,424,male,1924-06-03,Sweden,Uppsala,SE,,,,,Harvard Medical School,Boston MA,USA,1924
1981,Arthur L.,Schawlow,Physics,4,for their contribution to the development of laser spectroscopy,119,male,1921-05-05,USA,Mount Vernon NY,US,1999-04-28,USA,Palo Alto CA,US,Stanford University,Stanford CA,USA,1921
1981,Kai M.,Siegbahn,Physics,2,for his contribution to the development of high-resolution electron spectroscopy,120,male,1918-04-20,Sweden,Lund,SE,2007-07-20,Sweden,Ängelholm,SE,Uppsala University,Uppsala,Sweden,1918
1982,George J.,Stigler,Economics,1,for his seminal studies of industrial structures functioning of markets and causes and effects of public regulation,696,male,1911-01-17,USA,Renton WA,US,1991-12-01,USA,Chicago IL,US,University of Chicago,Chicago IL,USA,1911
1982,Alva,Myrdal,Peace,2,for their work for disarmament and nuclear and weapon-free zones,543,female,1902-01-31,Sweden,Uppsala,SE,1986-02-01,Sweden,Stockholm,SE,,,,1902
1982,Gabriel,García Márquez,Literature,1,for his novels and short stories in which the fantastic and the realistic are combined in a richly composed world of imagination reflecting a continent's life and conflicts,659,male,1927-03-06,Colombia,Aracataca,CO,2014-04-17,Mexico,Mexico City,MX,,,,1927
1982,John R.,Vane,Medicine,3,for their discoveries concerning prostaglandins and related biologically active substances,427,male,1927-03-29,United Kingdom,Tardebigg,GB,2004-11-19,United Kingdom,Farnborough,GB,The Wellcome Research Laboratories,Beckenham,United Kingdom,1927
1982,Aaron,Klug,Chemistry,1,for his development of crystallographic electron microscopy and his structural elucidation of biologically important nucleic acid-protein complexes,259,male,1926-08-11,Lithuania,Zelvas,LT,2018-11-20,,,,MRC Laboratory of Molecular Biology,Cambridge,United Kingdom,1926
1982,Sune K.,Bergström,Medicine,3,for their discoveries concerning prostaglandins and related biologically active substances,425,male,1916-01-10,Sweden,Stockholm,SE,2004-08-15,Sweden,Stockholm,SE,Karolinska Institutet,Stockholm,Sweden,1916
1982,Kenneth G.,Wilson,Physics,1,for his theory for critical phenomena in connection with phase transitions,121,male,1936-06-08,USA,Waltham MA,US,2013-06-15,USA,Saco ME,US,Cornell University,Ithaca NY,USA,1936
1982,Alfonso,García Robles,Peace,2,for their work for disarmament and nuclear and weapon-free zones,544,male,1911-03-20,Mexico,Zamora,MX,1991-09-02,Mexico,Mexico City,MX,,,,1911
1982,Bengt I.,Samuelsson,Medicine,3,for their discoveries concerning prostaglandins and related biologically active substances,426,male,1934-05-21,Sweden,Halmstad,SE,,,,,Karolinska Institutet,Stockholm,Sweden,1934
1983,Lech,Walesa,Peace,1,for non-violent struggle for free trade unions and human rights in Poland,545,male,1943-09-29,Poland,Popowo,PL,,,,,,,,1943
1983,Henry,Taube,Chemistry,1,for his work on the mechanisms of electron transfer reactions especially in metal complexes,260,male,1915-11-30,Canada,Neudorf,CA,2005-11-16,USA,Stanford CA,US,Stanford University,Stanford CA,USA,1915
1983,Barbara,McClintock,Medicine,1,for her discovery of mobile genetic elements,428,female,1902-06-16,USA,Hartford CT,US,1992-09-02,USA,Huntington NY,US,Cold Spring Harbor Laboratory,Cold Spring Harbor NY,USA,1902
1983,Gerard,Debreu,Economics,1,for having incorporated new analytical methods into economic theory and for his rigorous reformulation of the theory of general equilibrium,697,male,1921-07-04,France,Calais,FR,2004-12-31,France,Paris,FR,University of California,Berkeley CA,USA,1921
1983,William,Golding,Literature,1,for his novels which with the perspicuity of realistic narrative art and the diversity and universality of myth illuminate the human condition in the world of today,660,male,1911-09-19,United Kingdom,St. Columb Minor,GB,1993-06-19,United Kingdom,Perranarworthal,GB,,,,1911
1983,William A.,Fowler,Physics,2,for his theoretical and experimental studies of the nuclear reactions of importance in the formation of the chemical elements in the universe,123,male,1911-08-09,USA,Pittsburgh PA,US,1995-03-14,USA,Pasadena CA,US,California Institute of Technology (Caltech),Pasadena CA,USA,1911
1983,Subramanyan,Chandrasekhar,Physics,2,for his theoretical studies of the physical processes of importance to the structure and evolution of the stars,122,male,1910-10-19,India (now Pakistan),Lahore,PK,1995-08-21,USA,Chicago IL,US,University of Chicago,Chicago IL,USA,1910
1984,Niels K.,Jerne,Medicine,3,for theories concerning the specificity in development and control of the immune system and the discovery of the principle for production of monoclonal antibodies,429,male,1911-12-23,United Kingdom,London,GB,1994-10-07,France,Castillon-du-Gard,FR,Basel Institute for Immunology,Basel,Switzerland,1911
1984,Georges J.F.,Köhler,Medicine,3,for theories concerning the specificity in development and control of the immune system and the discovery of the principle for production of monoclonal antibodies,430,male,1946-04-17,Germany,Munich,DE,1995-03-01,Germany,Freiburg im Breisgau,DE,Basel Institute for Immunology,Basel,Switzerland,1946
1984,César,Milstein,Medicine,3,for theories concerning the specificity in development and control of the immune system and the discovery of the principle for production of monoclonal antibodies,431,male,1927-10-08,Argentina,Bahia Blanca,AR,2002-03-24,United Kingdom,Cambridge,GB,MRC Laboratory of Molecular Biology,Cambridge,United Kingdom,1927
1984,Jaroslav,Seifert,Literature,1,for his poetry which endowed with freshness sensuality and rich inventiveness provides a liberating image of the indomitable spirit and versatility of man,661,male,1901-09-23,Austria-Hungary (now Czech Republic),Prague,CZ,1986-01-10,Czechoslovakia (now Czech Republic),Prague,CZ,,,,1901
1984,Desmond,Tutu,Peace,1,for his role as a unifying leader figure in the non-violent campaign to resolve the problem of apartheid in South Africa,546,male,1931-10-07,South Africa,Klerksdorp,ZA,2021-12-26,South Africa,Cape Town,ZA,,,,1931
1984,Bruce,Merrifield,Chemistry,1,for his development of methodology for chemical synthesis on a solid matrix,261,male,1921-07-15,USA,Fort Worth TX,US,2006-05-14,USA,Cresskill NJ,US,Rockefeller University,New York NY,USA,1921
1984,Simon,van der Meer,Physics,2,for their decisive contributions to the large project which led to the discovery of the field particles W and Z communicators of weak interaction,125,male,1925-11-24,the Netherlands,the Hague,NL,2011-03-04,Switzerland,Geneva,CH,CERN,Geneva,Switzerland,1925
1984,Carlo,Rubbia,Physics,2,for their decisive contributions to the large project which led to the discovery of the field particles W and Z communicators of weak interaction,124,male,1934-03-31,Italy,Gorizia,IT,,,,,CERN,Geneva,Switzerland,1934
1984,Richard,Stone,Economics,1,for having made fundamental contributions to the development of systems of national accounts and hence greatly improved the basis for empirical economic analysis,698,male,1913-08-30,United Kingdom,London,GB,1991-12-06,United Kingdom,Cambridge,GB,University of Cambridge,Cambridge,United Kingdom,1913
1985,International Physicians for the Prevention of Nuclear War,,Peace,1,for spreading authoritative information and by creating awareness of the catastrophic consequences of nuclear war,547,org,,,,,,,,,,,,1980
1985,Klaus,von Klitzing,Physics,1,for the discovery of the quantized Hall effect,126,male,1943-06-28,German-occupied Poland (now Poland),Schroda,PL,,,,,Max-Planck-Institut für Festkörperforschung,Stuttgart,Germany,1943
1985,Joseph L.,Goldstein,Medicine,2,for their discoveries concerning the regulation of cholesterol metabolism,433,male,1940-04-18,USA,Sumter SC,US,,,,,University of Texas Southwestern Medical Center at Dallas,Dallas TX,USA,1940
1985,Michael S.,Brown,Medicine,2,for their discoveries concerning the regulation of cholesterol metabolism,432,male,1941-04-13,USA,New York NY,US,,,,,University of Texas Southwestern Medical Center at Dallas,Dallas TX,USA,1941
1985,Herbert A.,Hauptman,Chemistry,2,for their outstanding achievements in the development of direct methods for the determination of crystal structures,262,male,1917-02-14,USA,New York NY,US,2011-10-23,USA,Buffalo NY,US,The Medical Foundation of Buffalo,Buffalo NY,USA,1917
1985,Jerome,Karle,Chemistry,2,for their outstanding achievements in the development of direct methods for the determination of crystal structures,263,male,1918-06-18,USA,New York NY,US,2013-06-06,USA,Annandale VA,US,US Naval Research Laboratory,Washington D.C.,USA,1918
1985,Claude,Simon,Literature,1,who in his novel combines the poet's and the painter's creativeness with a deepened awareness of time in the depiction of the human condition,662,male,1913-10-10,Madagascar,Tananarive (now Antananarivo),MG,2005-07-06,France,Paris,FR,,,,1913
1985,Franco,Modigliani,Economics,1,for his pioneering analyses of saving and of financial markets,699,male,1918-06-18,Italy,Rome,IT,2003-09-25,USA,Cambridge MA,US,Massachusetts Institute of Technology (MIT),Cambridge MA,USA,1918
1986,Dudley R.,Herschbach,Chemistry,3,for their contributions concerning the dynamics of chemical elementary processes,264,male,1932-06-18,USA,San José CA,US,,,,,Harvard University,Cambridge MA,USA,1932
1986,John C.,Polanyi,Chemistry,3,for their contributions concerning the dynamics of chemical elementary processes,266,male,1929-01-23,Germany,Berlin,DE,,,,,University of Toronto,Toronto,Canada,1929
1986,Gerd,Binnig,Physics,4,for their design of the scanning tunneling microscope,128,male,1947-07-20,West Germany (now Germany),Frankfurt-on-the-Main,DE,,,,,IBM Zurich Research Laboratory,Rüschlikon,Switzerland,1947
1986,Heinrich,Rohrer,Physics,4,for their design of the scanning tunneling microscope,129,male,1933-06-06,Switzerland,Buchs,CH,2013-05-16,Switzerland,Wollerau,CH,IBM Zurich Research Laboratory,Rüschlikon,Switzerland,1933
1986,Ernst,Ruska,Physics,2,for his fundamental work in electron optics and for the design of the first electron microscope,127,male,1906-12-25,Germany,Heidelberg,DE,1988-05-27,Germany,West Berlin,DE,Fritz-Haber-Institut der Max-Planck-Gesellschaft,Berlin,Germany,1906
1986,Yuan T.,Lee,Chemistry,3,for their contributions concerning the dynamics of chemical elementary processes,265,male,1936-11-19,Taiwan,Hsinchu,TW,,,,,University of California,Berkeley CA,USA,1936
1986,Rita,Levi-Montalcini,Medicine,2,for their discoveries of growth factors,435,female,1909-04-22,Italy,Turin,IT,2012-12-30,Italy,Rome,IT,Institute of Cell Biology of the C.N.R.,Rome,Italy,1909
1986,Stanley,Cohen,Medicine,2,for their discoveries of growth factors,434,male,1922-11-17,USA,Brooklyn NY,US,2020-02-05,USA,Nashville TN,US,Vanderbilt University School of Medicine,Nashville TN,USA,1922
1986,Elie,Wiesel,Peace,1,for being a messenger to mankind: his message is one of peace atonement and dignity,548,male,1928-09-30,Romania,Sighet,RO,2016-07-02,USA,New York NY,US,,,,1928
1986,Wole,Soyinka,Literature,1,who in a wide cultural perspective and with poetic overtones fashions the drama of existence,663,male,1934-07-13,Nigeria,Abeokuta,NG,,,,,,,,1934
1986,James M.,Buchanan Jr.,Economics,1,for his development of the contractual and constitutional bases for the theory of economic and political decision-making,700,male,1919-10-03,USA,Murfreesboro TN,US,2013-01-09,USA,Blacksburg VA,US,Center for Study of Public Choice,Fairfax VA,USA,1919
1987,Charles J.,Pedersen,Chemistry,3,for their development and use of molecules with structure-specific interactions of high selectivity,269,male,1904-10-03,Korea (now South Korea),Pusan,KR,1989-10-26,USA,Salem NJ,US,Du Pont,Wilmington DE,USA,1904
1987,Joseph,Brodsky,Literature,1,for an all-embracing authorship imbued with clarity of thought and poetic intensity,664,male,1940-05-24,USSR (now Russia),Leningrad (now St. Petersburg),RU,1996-01-28,USA,New York NY,US,,,,1940
1987,K. Alex,Müller,Physics,2,for their important break-through in the discovery of superconductivity in ceramic materials,131,male,1927-04-20,Switzerland,Basel,CH,2023-01-09,Switzerland,Zurich,CH,IBM Zurich Research Laboratory,Rüschlikon,Switzerland,1927
1987,Jean-Marie,Lehn,Chemistry,3,for their development and use of molecules with structure-specific interactions of high selectivity,268,male,1939-09-30,France,Rosheim,FR,,,,,Université Louis Pasteur,Strasbourg,France,1939
1987,J. Georg,Bednorz,Physics,2,for their important break-through in the discovery of superconductivity in ceramic materials,130,male,1950-05-16,West Germany (now Germany),Neuenkirchen,DE,,,,,IBM Zurich Research Laboratory,Rüschlikon,Switzerland,1950
1987,Susumu,Tonegawa,Medicine,1,for his discovery of the genetic principle for generation of antibody diversity,436,male,1939-09-05,Japan,Nagoya,JP,,,,,Massachusetts Institute of Technology (MIT),Cambridge MA,USA,1939
1987,Robert M.,Solow,Economics,1,for his contributions to the theory of economic growth,701,male,1924-08-23,USA,Brooklyn NY,US,,,,,Massachusetts Institute of Technology (MIT),Cambridge MA,USA,1924
1987,Oscar,Arias Sánchez,Peace,1,for his work for lasting peace in Central America,549,male,1940-09-13,Costa Rica,Heredia,CR,,,,,,,,1940
1987,Donald J.,Cram,Chemistry,3,for their development and use of molecules with structure-specific interactions of high selectivity,267,male,1919-04-22,USA,Chester VT,US,2001-06-17,USA,Palm Desert CA,US,University of California,Los Angeles CA,USA,1919
1988,United Nations Peacekeeping Forces,,Peace,1,for preventing armed clashes and creating conditions for negotiations,550,org,,,,,,,,,,,,1948
1988,Jack,Steinberger,Physics,3,for the neutrino beam method and the demonstration of the doublet structure of the leptons through the discovery of the muon neutrino,134,male,1921-05-25,Germany,Bad Kissingen,DE,2020-12-12,Switzerland,Geneva,CH,CERN,Geneva,Switzerland,1921
1988,Melvin,Schwartz,Physics,3,for the neutrino beam method and the demonstration of the doublet structure of the leptons through the discovery of the muon neutrino,133,male,1932-11-02,USA,New York NY,US,2006-08-28,USA,Twin Falls ID,US,Digital Pathways Inc.,Mountain View CA,USA,1932
1988,Leon M.,Lederman,Physics,3,for the neutrino beam method and the demonstration of the doublet structure of the leptons through the discovery of the muon neutrino,132,male,1922-07-15,USA,New York NY,US,2018-10-03,USA,Rexburg ID,US,Fermi National Accelerator Laboratory,Batavia IL,USA,1922
1988,George H.,Hitchings,Medicine,3,for their discoveries of important principles for drug treatment,439,male,1905-04-18,USA,Hoquiam WA,US,1998-02-27,USA,Chapel Hill NC,US,Wellcome Research Laboratories,Research Triangle Park NC,USA,1905
1988,Hartmut,Michel,Chemistry,3,for the determination of the three-dimensional structure of a photosynthetic reaction centre,272,male,1948-07-18,West Germany (now Germany),Ludwigsburg,DE,,,,,Max-Planck-Institut für Biophysik,Frankfurt-on-the-Main,Germany,1948
1988,Robert,Huber,Chemistry,3,for the determination of the three-dimensional structure of a photosynthetic reaction centre,271,male,1937-02-20,Germany,Munich,DE,,,,,Max-Planck-Institut für Biochemie,Martinsried,Germany,1937
1988,Johann,Deisenhofer,Chemistry,3,for the determination of the three-dimensional structure of a photosynthetic reaction centre,270,male,1943-09-30,Germany,Zusamaltheim,DE,,,,,University of Texas Southwestern Medical Center at Dallas,Dallas TX,USA,1943
1988,Naguib,Mahfouz,Literature,1,who through works rich in nuance - now clear-sightedly realistic now evocatively ambiguous - has formed an Arabian narrative art that applies to all mankind,665,male,1911-12-11,Egypt,Cairo,EG,2006-08-30,Egypt,Cairo,EG,,,,1911
1988,Sir James W.,Black,Medicine,3,for their discoveries of important principles for drug treatment,437,male,1924-06-14,Scotland,Uddingston,GB,2010-03-21,,,,London University King's College Hospital Medical School,London,United Kingdom,1924
1988,Gertrude B.,Elion,Medicine,3,for their discoveries of important principles for drug treatment,438,female,1918-01-23,USA,New York NY,US,1999-02-21,USA,Chapel Hill NC,US,Wellcome Research Laboratories,Research Triangle Park NC,USA,1918
1988,Maurice,Allais,Economics,1,for his pioneering contributions to the theory of markets and efficient utilization of resources,702,male,1911-05-31,France,Paris,FR,2010-10-09,France,Paris,FR,École Nationale Supérieur des Mines de Paris,Paris,France,1911
1989,Thomas R.,Cech,Chemistry,2,for their discovery of catalytic properties of RNA,274,male,1947-12-08,USA,Chicago IL,US,,,,,University of Colorado,Boulder CO,USA,1947
1989,Sidney,Altman,Chemistry,2,for their discovery of catalytic properties of RNA,273,male,1939-05-07,Canada,Montreal,CA,2022-04-05,USA,Rockleigh NJ,US,Yale University,New Haven CT,USA,1939
1989,Hans G.,Dehmelt,Physics,4,for the development of the ion trap technique,136,male,1922-09-09,Prussia (now Germany),Görlitz,DE,2017-03-07,USA,Seattle WA,US,University of Washington,Seattle WA,USA,1922
1989,Norman F.,Ramsey,Physics,2,for the invention of the separated oscillatory fields method and its use in the hydrogen maser and other atomic clocks,135,male,1915-08-27,USA,Washington D.C.,US,2011-11-04,USA,Wayland MA,US,Harvard University,Cambridge MA,USA,1915
1989,J. Michael,Bishop,Medicine,2,for their discovery of the cellular origin of retroviral oncogenes,440,male,1936-02-22,USA,York PA,US,,,,,University of California School of Medicine,San Francisco CA,USA,1936
1989,Wolfgang,Paul,Physics,4,for the development of the ion trap technique,137,male,1913-08-10,Germany,Lorenzkirch,DE,1993-12-07,Germany,Bonn,DE,University of Bonn,Bonn,Germany,1913
1989,Trygve,Haavelmo,Economics,1,for his clarification of the probability theory foundations of econometrics and his analyses of simultaneous economic structures,703,male,1911-12-13,Norway,Skedsmo,NO,1999-07-26,Norway,Oslo,NO,University of Oslo,Oslo,Norway,1911
1989,Camilo José,Cela,Literature,1,for a rich and intensive prose which with restrained compassion forms a challenging vision of man's vulnerability,666,male,1916-05-11,Spain,Iria Flavia,ES,2002-01-17,Spain,Madrid,ES,,,,1916
1989,Lhamo,Thondup,Peace,1,for advocating peaceful solutions based upon tolerance and mutual respect in order to preserve the historical and cultural heritage of his people,551,male,1935-07-06,Tibet (now China),Taktser,CN,,,,,,,,1935
1989,Harold E.,Varmus,Medicine,2,for their discovery of the cellular origin of retroviral oncogenes,441,male,1939-12-18,USA,Oceanside NY,US,,,,,University of California School of Medicine,San Francisco CA,USA,1939
1990,Octavio,Paz,Literature,1,for impassioned writing with wide horizons characterized by sensuous intelligence and humanistic integrity,667,male,1914-03-31,Mexico,Mexico City,MX,1998-04-19,Mexico,Mexico City,MX,,,,1914
1990,Richard E.,Taylor,Physics,3,for their pioneering investigations concerning deep inelastic scattering of electrons on protons and bound neutrons which have been of essential importance for the development of the quark model in particle physics,140,male,1929-11-02,Canada,Medicine Hat Alberta,CA,2018-02-22,USA,Stanford CA,US,Stanford University,Stanford CA,USA,1929
1990,Henry W.,Kendall,Physics,3,for their pioneering investigations concerning deep inelastic scattering of electrons on protons and bound neutrons which have been of essential importance for the development of the quark model in particle physics,139,male,1926-12-09,USA,Boston MA,US,1999-02-15,USA,Wakulla Springs State Park FL,US,Massachusetts Institute of Technology (MIT),Cambridge MA,USA,1926
1990,Jerome I.,Friedman,Physics,3,for their pioneering investigations concerning deep inelastic scattering of electrons on protons and bound neutrons which have been of essential importance for the development of the quark model in particle physics,138,male,1930-03-28,USA,Chicago IL,US,,,,,Massachusetts Institute of Technology (MIT),Cambridge MA,USA,1930
1990,Harry M.,Markowitz,Economics,3,for their pioneering work in the theory of financial economics,704,male,1927-08-24,USA,Chicago IL,US,,,,,City University of New York,New York NY,USA,1927
1990,Merton H.,Miller,Economics,3,for their pioneering work in the theory of financial economics,705,male,1923-05-16,USA,Boston MA,US,2000-06-03,USA,Chicago IL,US,University of Chicago,Chicago IL,USA,1923
1990,Joseph E.,Murray,Medicine,2,for their discoveries concerning organ and cell transplantation in the treatment of human disease,442,male,1919-04-01,USA,Milford MA,US,2012-11-26,USA,Boston MA,US,Brigham and Women's Hospital,Boston MA,USA,1919
1990,Mikhail,Gorbachev,Peace,1,for the leading role he played in the radical changes in East-West relations,552,male,1931-03-02,USSR (now Russia),Privolnoye,RU,2022-08-30,Russia,Moscow,RU,,,,1931
1990,E. Donnall,Thomas,Medicine,2,for their discoveries concerning organ and cell transplantation in the treatment of human disease,443,male,1920-03-15,USA,Mart TX,US,2012-10-20,USA,Seattle WA,US,Fred Hutchinson Cancer Research Center,Seattle WA,USA,1920
1990,William F.,Sharpe,Economics,3,for their pioneering work in the theory of financial economics,706,male,1934-06-16,USA,Boston MA,US,,,,,Stanford University,Stanford CA,USA,1934
1990,Elias James,Corey,Chemistry,1,for his development of the theory and methodology of organic synthesis,275,male,1928-07-12,USA,Methuen MA,US,,,,,Harvard University,Cambridge MA,USA,1928
1991,Ronald H.,Coase,Economics,1,for his discovery and clarification of the significance of transaction costs and property rights for the institutional structure and functioning of the economy,707,male,1910-12-29,United Kingdom,Willesden,GB,2013-09-02,USA,Chicago IL,US,University of Chicago,Chicago IL,USA,1910
1991,Nadine,Gordimer,Literature,1,who through her magnificent epic writing has - in the words of Alfred Nobel - been of very great benefit to humanity,668,female,1923-11-20,South Africa,Springs,ZA,2014-07-13,South Africa,Johannesburg,ZA,,,,1923
1991,Bert,Sakmann,Medicine,2,for their discoveries concerning the function of single ion channels in cells,445,male,1942-06-12,Germany,Stuttgart,DE,,,,,Max-Planck-Institut für medizinische Forschung,Heidelberg,Germany,1942
1991,Pierre-Gilles,de Gennes,Physics,1,for discovering that methods developed for studying order phenomena in simple systems can be generalized to more complex forms of matter in particular to liquid crystals and polymers,141,male,1932-10-24,France,Paris,FR,2007-05-18,France,Orsay,FR,Collège de France,Paris,France,1932
1991,Aung San Suu Kyi,,Peace,1,for her non-violent struggle for democracy and human rights,553,female,1945-06-19,Burma (now Myanmar),Rangoon (now Yangon),MM,,,,,,,,1945
1991,Erwin,Neher,Medicine,2,for their discoveries concerning the function of single ion channels in cells,444,male,1944-03-20,Germany,Landsberg,DE,,,,,Max-Planck-Institut für Biophysikalische Chemie,Göttingen,Germany,1944
1991,Richard R.,Ernst,Chemistry,1,for his contributions to the development of the methodology of high resolution nuclear magnetic resonance (NMR) spectroscopy,276,male,1933-08-14,Switzerland,Winterthur,CH,2021-06-04,Switzerland,Winterthur,CH,Eidgenössische Technische Hochschule (Swiss Federal Institute of Technology),Zurich,Switzerland,1933
1992,Derek,Walcott,Literature,1,for a poetic oeuvre of great luminosity sustained by a historical vision the outcome of a multicultural commitment,669,male,1930-01-23,Saint Lucia,Castries,LC,2017-03-17,Saint Lucia,Gros-Islet,LC,,,,1930
1992,Edmond H.,Fischer,Medicine,2,for their discoveries concerning reversible protein phosphorylation as a biological regulatory mechanism,446,male,1920-04-06,China,Shanghai,CN,2021-08-27,USA,Seattle WA,US,University of Washington,Seattle WA,USA,1920
1992,Rudolph A.,Marcus,Chemistry,1,for his contributions to the theory of electron transfer reactions in chemical systems,277,male,1923-07-21,Canada,Montreal,CA,,,,,California Institute of Technology (Caltech),Pasadena CA,USA,1923
1992,Gary,Becker,Economics,1,for having extended the domain of microeconomic analysis to a wide range of human behaviour and interaction including nonmarket behaviour,708,male,1930-12-02,USA,Pottsville PA,US,2014-05-03,USA,Chicago IL,US,University of Chicago,Chicago IL,USA,1930
1992,Rigoberta,Menchú Tum,Peace,1,for her struggle for social justice and ethno-cultural reconciliation based on respect for the rights of indigenous peoples,554,female,1959-01-09,Guatemala,Aldea Chimel,GT,,,,,,,,1959
1992,Georges,Charpak,Physics,1,for his invention and development of particle detectors in particular the multiwire proportional chamber,142,male,1924-08-01,Poland,Dabrovica,PL,2010-09-29,France,Paris,FR,École Supérieure de Physique et Chimie,Paris,France,1924
1992,Edwin G.,Krebs,Medicine,2,for their discoveries concerning reversible protein phosphorylation as a biological regulatory mechanism,447,male,1918-06-06,USA,Lansing IA,US,2009-12-21,USA,Seattle WA,US,University of Washington,Seattle WA,USA,1918
1993,Russell A.,Hulse,Physics,2,for the discovery of a new type of pulsar a discovery that has opened up new possibilities for the study of gravitation,143,male,1950-11-28,USA,New York NY,US,,,,,Princeton University,Princeton NJ,USA,1950
1993,Joseph H.,Taylor Jr.,Physics,2,for the discovery of a new type of pulsar a discovery that has opened up new possibilities for the study of gravitation,144,male,1941-03-29,USA,Philadelphia PA,US,,,,,Princeton University,Princeton NJ,USA,1941
1993,Toni,Morrison,Literature,1,who in novels characterized by visionary force and poetic import gives life to an essential aspect of American reality,670,female,1931-02-18,USA,Lorain OH,US,2019-08-05,USA,New York NY,US,,,,1931
1993,Douglass C.,North,Economics,2,for having renewed research in economic history by applying economic theory and quantitative methods in order to explain economic and institutional change,710,male,1920-11-05,USA,Cambridge MA,US,2015-11-23,USA,Benzonia MI,US,Washington University,St. Louis MO,USA,1920
1993,Michael,Smith,Chemistry,2,for his fundamental contributions to the establishment of oligonucleotide-based site-directed mutagenesis and its development for protein studies,279,male,1932-04-26,United Kingdom,Blackpool,GB,2000-10-04,Canada,Vancouver,CA,University of British Columbia,Vancouver,Canada,1932
1993,Phillip A.,Sharp,Medicine,2,for their discoveries of split genes,449,male,1944-06-06,USA,Falmouth KY,US,,,,,Massachusetts Institute of Technology (MIT) Center for Cancer Research,Cambridge MA,USA,1944
1993,Richard J.,Roberts,Medicine,2,for their discoveries of split genes,448,male,1943-09-06,United Kingdom,Derby,GB,,,,,New England Biolabs,Beverly MA,USA,1943
1993,Kary B.,Mullis,Chemistry,2,for his invention of the polymerase chain reaction (PCR) method,278,male,1944-12-28,USA,Lenoir NC,US,2019-08-07,USA,Newport Beach CA,US,,,,1944
1993,F.W.,de Klerk,Peace,2,for their work for the peaceful termination of the apartheid regime and for laying the foundations for a new democratic South Africa,556,male,1936-03-18,South Africa,Johannesburg,ZA,2021-11-11,South Africa,Cape Town,ZA,,,,1936
1993,Robert W.,Fogel,Economics,2,for having renewed research in economic history by applying economic theory and quantitative methods in order to explain economic and institutional change,709,male,1927-07-01,USA,New York NY,US,2013-06-11,USA,Oak Lawn IL,US,University of Chicago,Chicago IL,USA,1927
1993,Nelson,Mandela,Peace,2,for their work for the peaceful termination of the apartheid regime and for laying the foundations for a new democratic South Africa,555,male,1918-07-18,South Africa,Qunu,ZA,2013-12-05,South Africa,Johannesburg,ZA,,,,1918
1994,Alfred G.,Gilman,Medicine,2,for their discovery of G-proteins and the role of these proteins in signal transduction in cells,450,male,1941-07-01,USA,New Haven CT,US,2015-12-23,USA,Dallas TX,US,University of Texas Southwestern Medical Center at Dallas,Dallas TX,USA,1941
1994,Martin,Rodbell,Medicine,2,for their discovery of G-proteins and the role of these proteins in signal transduction in cells,451,male,1925-12-01,USA,Baltimore MD,US,1998-12-07,USA,Chapel Hill NC,US,National Institute of Environmental Health Sciences,Research Triangle Park NC,USA,1925
1994,George A.,Olah,Chemistry,1,for his contribution to carbocation chemistry,280,male,1927-05-22,Hungary,Budapest,HU,2017-03-08,USA,Los Angeles CA,US,University of Southern California,Los Angeles CA,USA,1927
1994,Bertram N.,Brockhouse,Physics,2,for the development of neutron spectroscopy,145,male,1918-07-15,Canada,Lethbridge Alberta,CA,2003-10-13,Canada,Hamilton Ontario,CA,McMaster University,Hamilton Ontario,Canada,1918
1994,Clifford G.,Shull,Physics,2,for the development of the neutron diffraction technique,146,male,1915-09-23,USA,Pittsburgh PA,US,2001-03-31,USA,Medford MA,US,Massachusetts Institute of Technology (MIT),Cambridge MA,USA,1915
1994,Kenzaburo,Oe,Literature,1,who with poetic force creates an imagined world where life and myth condense to form a disconcerting picture of the human predicament today,671,male,1935-01-31,Japan,Uchiko,JP,2023-03-03,Japan,Tokyo,JP,,,,1935
1994,Yasser,Arafat,Peace,3,for their efforts to create peace in the Middle East,557,male,1929-08-24,Egypt,Cairo,EG,2004-11-11,France,Paris,FR,,,,1929
1994,Yitzhak,Rabin,Peace,3,for their efforts to create peace in the Middle East,559,male,1922-03-01,British Mandate of Palestine (now Israel),Jerusalem,IL,1995-11-04,Israel,Tel Aviv,IL,,,,1922
1994,Shimon,Peres,Peace,3,for their efforts to create peace in the Middle East,558,male,1923-08-16,Poland (now Belarus),Vishneva,BY,2016-09-28,Israel,Tel Aviv,IL,,,,1923
1994,John C.,Harsanyi,Economics,3,for their pioneering analysis of equilibria in the theory of non-cooperative games,711,male,1920-05-29,Hungary,Budapest,HU,2000-08-09,USA,Berkeley CA,US,University of California,Berkeley CA,USA,1920
1994,John F.,Nash Jr.,Economics,3,for their pioneering analysis of equilibria in the theory of non-cooperative games,712,male,1928-06-13,USA,Bluefield WV,US,2015-05-23,USA,New Jersey NJ,US,Princeton University,Princeton NJ,USA,1928
1994,Reinhard,Selten,Economics,3,for their pioneering analysis of equilibria in the theory of non-cooperative games,713,male,1930-10-05,Germany (now Poland),Breslau (now Wroclaw),PL,2016-08-23,Poland,Poznan,PL,Rheinische Friedrich-Wilhelms-Universität,Bonn,Germany,1930
1995,Frederick,Reines,Physics,2,for the detection of the neutrino,148,male,1918-03-16,USA,Paterson NJ,US,1998-08-26,USA,Orange CA,US,University of California,Irvine CA,USA,1918
1995,Edward B.,Lewis,Medicine,3,for their discoveries concerning the genetic control of early embryonic development,452,male,1918-05-20,USA,Wilkes-Barre PA,US,2004-07-21,USA,Pasadena CA,US,California Institute of Technology (Caltech),Pasadena CA,USA,1918
1995,Paul J.,Crutzen,Chemistry,3,for their work in atmospheric chemistry particularly concerning the formation and decomposition of ozone,281,male,1933-12-03,the Netherlands,Amsterdam,NL,2021-01-28,Germany,Mainz,DE,Max-Planck-Institut für Chemie,Mainz,Germany,1933
1995,Mario J.,Molina,Chemistry,3,for their work in atmospheric chemistry particularly concerning the formation and decomposition of ozone,282,male,1943-03-19,Mexico,Mexico City,MX,2020-10-07,Mexico,Mexico City,MX,Massachusetts Institute of Technology (MIT),Cambridge MA,USA,1943
1995,Robert E.,Lucas Jr.,Economics,1,for having developed and applied the hypothesis of rational expectations and thereby having transformed macroeconomic analysis and deepened our understanding of economic policy,714,male,1937-09-15,USA,Yakima WA,US,2023-05-15,,,,University of Chicago,Chicago IL,USA,1937
1995,Seamus,Heaney,Literature,1,for works of lyrical beauty and ethical depth which exalt everyday miracles and the living past,672,male,1939-04-13,Northern Ireland,Casteldàwson,GB,2013-08-30,Ireland,Dublin,IE,,,,1939
1995,F. Sherwood,Rowland,Chemistry,3,for their work in atmospheric chemistry particularly concerning the formation and decomposition of ozone,283,male,1927-06-28,USA,Delaware OH,US,2012-03-10,USA,Corona del Mar CA,US,University of California,Irvine CA,USA,1927
1995,Christiane,Nüsslein-Volhard,Medicine,3,for their discoveries concerning the genetic control of early embryonic development,453,female,1942-10-20,Germany,Magdeburg,DE,,,,,Max-Planck-Institut für Entwicklungsbiologie,Tübingen,Germany,1942
1995,Joseph,Rotblat,Peace,2,for their efforts to diminish the part played by nuclear arms in international politics and in the longer run to eliminate such arms,560,male,1908-11-04,Russian Empire (now Poland),Warsaw,PL,2005-08-31,United Kingdom,London,GB,,,,1908
1995,Pugwash Conferences on Science and World Affairs,,Peace,2,for their efforts to diminish the part played by nuclear arms in international politics and in the longer run to eliminate such arms,561,org,,,,,,,,,,,,1957
1995,Martin L.,Perl,Physics,2,for the discovery of the tau lepton,147,male,1927-06-24,USA,New York NY,US,2014-09-30,USA,Palo Alto CA,US,Stanford University,Stanford CA,USA,1927
1995,Eric F.,Wieschaus,Medicine,3,for their discoveries concerning the genetic control of early embryonic development,454,male,1947-06-08,USA,South Bend IN,US,,,,,Princeton University,Princeton NJ,USA,1947
1996,David M.,Lee,Physics,3,for their discovery of superfluidity in helium-3,149,male,1931-01-20,USA,Rye NY,US,,,,,Cornell University,Ithaca NY,USA,1931
1996,Robert C.,Richardson,Physics,3,for their discovery of superfluidity in helium-3,151,male,1937-06-26,USA,Washington D.C.,US,2013-02-19,USA,Ithaca NY,US,Cornell University,Ithaca NY,USA,1937
1996,Douglas D.,Osheroff,Physics,3,for their discovery of superfluidity in helium-3,150,male,1945-08-01,USA,Aberdeen WA,US,,,,,Stanford University,Stanford CA,USA,1945
1996,Peter C.,Doherty,Medicine,2,for their discoveries concerning the specificity of the cell mediated immune defence,455,male,1940-10-15,Australia,Brisbane,AU,,,,,St. Jude Children's Research Hospital,Memphis TN,USA,1940
1996,Rolf M.,Zinkernagel,Medicine,2,for their discoveries concerning the specificity of the cell mediated immune defence,456,male,1944-01-06,Switzerland,Basel,CH,,,,,University of Zurich Institute of Experimental Immunology,Zurich,Switzerland,1944
1996,Richard E.,Smalley,Chemistry,3,for their discovery of fullerenes,286,male,1943-06-06,USA,Akron OH,US,2005-10-28,USA,Houston TX,US,Rice University,Houston TX,USA,1943
1996,Wislawa,Szymborska,Literature,1,for poetry that with ironic precision allows the historical and biological context to come to light in fragments of human reality,673,female,1923-07-02,Poland,Bnin (now Kórnik),PL,2012-02-01,Poland,Kraków,PL,,,,1923
1996,Carlos Filipe Ximenes,Belo,Peace,2,for their work towards a just and peaceful solution to the conflict in East Timor,562,male,1948-02-03,East Timor,Wailacama,TL,,,,,,,,1948
1996,José,Ramos-Horta,Peace,2,for their work towards a just and peaceful solution to the conflict in East Timor,563,male,1949-12-26,East Timor,Dili,TL,,,,,,,,1949
1996,Robert F.,Curl Jr.,Chemistry,3,for their discovery of fullerenes,284,male,1933-08-23,USA,Alice TX,US,2022-07-03,USA,Houston TX,US,Rice University,Houston TX,USA,1933
1996,William,Vickrey,Economics,2,for their fundamental contributions to the economic theory of incentives under asymmetric information,716,male,1914-06-21,Canada,Victoria BC,CA,1996-10-11,USA,Harrison NY,US,Columbia University,New York NY,USA,1914
1996,Sir Harold,Kroto,Chemistry,3,for their discovery of fullerenes,285,male,1939-10-07,United Kingdom,Wisbech Cambridgeshire,GB,2016-04-30,United Kingdom,Lewes East Sussex,GB,University of Sussex,Brighton,United Kingdom,1939
1996,James A.,Mirrlees,Economics,2,for their fundamental contributions to the economic theory of incentives under asymmetric information,715,male,1936-07-05,Scotland,Minnigaff,GB,2018-08-29,United Kingdom,Cambridge,GB,University of Cambridge,Cambridge,United Kingdom,1936
1997,Dario,Fo,Literature,1,who emulates the jesters of the Middle Ages in scourging authority and upholding the dignity of the downtrodden,674,male,1926-03-24,Italy,Leggiuno-Sangiano,IT,2016-10-13,Italy,Milan,IT,,,,1926
1997,John E.,Walker,Chemistry,4,for their elucidation of the enzymatic mechanism underlying the synthesis of adenosine triphosphate (ATP),288,male,1941-01-07,United Kingdom,Halifax,GB,,,,,MRC Laboratory of Molecular Biology,Cambridge,United Kingdom,1941
1997,Jens C.,Skou,Chemistry,2,for the first discovery of an ion-transporting enzyme Na+ K+ -ATPase,289,male,1918-10-08,Denmark,Lemvig,DK,2018-05-28,Denmark,Aarhus,DK,Aarhus University,Aarhus,Denmark,1918
1997,Robert C.,Merton,Economics,2,for a new method to determine the value of derivatives,717,male,1944-07-31,USA,New York NY,US,,,,,Harvard University,Cambridge MA,USA,1944
1997,Stanley B.,Prusiner,Medicine,1,for his discovery of Prions - a new biological principle of infection,457,male,1942-05-28,USA,Des Moines IA,US,,,,,University of California School of Medicine,San Francisco CA,USA,1942
1997,William D.,Phillips,Physics,3,for development of methods to cool and trap atoms with laser light,154,male,1948-11-05,USA,Wilkes-Barre PA,US,,,,,National Institute of Standards and Technology,Gaithersburg MD,USA,1948
1997,Myron,Scholes,Economics,2,for a new method to determine the value of derivatives,718,male,1941-07-01,Canada,Timmins ON,CA,,,,,Long Term Capital Management,Greenwich CT,USA,1941
1997,Claude,Cohen-Tannoudji,Physics,3,for development of methods to cool and trap atoms with laser light,153,male,1933-04-01,French Algeria (now Algeria),Constantine,DZ,,,,,Collège de France,Paris,France,1933
1997,Steven,Chu,Physics,3,for development of methods to cool and trap atoms with laser light,152,male,1948-02-28,USA,St. Louis MO,US,,,,,Stanford University,Stanford CA,USA,1948
1997,Jody,Williams,Peace,2,for their work for the banning and clearing of anti-personnel mines,565,female,1950-10-09,USA,Putney VT,US,,,,,,,,1950
1997,International Campaign to Ban Landmines,,Peace,2,for their work for the banning and clearing of anti-personnel mines,564,org,,,,,,,,,,,,1992
1997,Paul D.,Boyer,Chemistry,4,for their elucidation of the enzymatic mechanism underlying the synthesis of adenosine triphosphate (ATP),287,male,1918-07-31,USA,Provo UT,US,2018-06-02,USA,Los Angeles CA,US,University of California,Los Angeles CA,USA,1918
1998,Amartya,Sen,Economics,1,for his contributions to welfare economics,719,male,1933-11-03,India,Santiniketan,IN,,,,,Trinity College,Cambridge,United Kingdom,1933
1998,Horst L.,Störmer,Physics,3,for their discovery of a new form of quantum fluid with fractionally charged excitations,156,male,1949-04-06,West Germany (now Germany),Frankfurt-on-the-Main,DE,,,,,Columbia University,New York NY,USA,1949
1998,José,Saramago,Literature,1,who with parables sustained by imagination compassion and irony continually enables us once again to apprehend an elusory reality,675,male,1922-11-16,Portugal,Azinhaga,PT,2010-06-18,Spain,Lanzarote,ES,,,,1922
1998,Daniel C.,Tsui,Physics,3,for their discovery of a new form of quantum fluid with fractionally charged excitations,157,male,1939-02-28,China,Henan,CN,,,,,Princeton University,Princeton NJ,USA,1939
1998,Walter,Kohn,Chemistry,2,for his development of the density-functional theory,290,male,1923-03-09,Austria,Vienna,AT,2016-04-19,USA,Santa Barbara CA,US,University of California,Santa Barbara CA,USA,1923
1998,Robert F.,Furchgott,Medicine,3,for their discoveries concerning nitric oxide as a signalling molecule in the cardiovascular system,458,male,1916-06-04,USA,Charleston SC,US,2009-05-19,USA,Seattle WA,US,SUNY Health Science Center,Brooklyn NY,USA,1916
1998,Louis J.,Ignarro,Medicine,3,for their discoveries concerning nitric oxide as a signalling molecule in the cardiovascular system,459,male,1941-05-31,USA,Brooklyn NY,US,,,,,University of California School of Medicine,Los Angeles CA,USA,1941
1998,Ferid,Murad,Medicine,3,for their discoveries concerning nitric oxide as a signalling molecule in the cardiovascular system,460,male,1936-09-14,USA,Whiting IN,US,,,,,University of Texas Medical School at Houston,Houston TX,USA,1936
1998,John,Pople,Chemistry,2,for his development of computational methods in quantum chemistry,291,male,1925-10-31,United Kingdom,Burnham-on-Sea,GB,2004-03-15,USA,Chicago IL,US,Northwestern University,Evanston IL,USA,1925
1998,John,Hume,Peace,2,for their efforts to find a peaceful solution to the conflict in Northern Ireland,566,male,1937-01-18,Northern Ireland,Londonderry,GB,2020-08-03,Northern Ireland,Londonderry,GB,,,,1937
1998,David,Trimble,Peace,2,for their efforts to find a peaceful solution to the conflict in Northern Ireland,567,male,1944-10-15,Northern Ireland,Belfast,GB,2022-07-25,Northern Ireland,Belfast,GB,,,,1944
1998,Robert B.,Laughlin,Physics,3,for their discovery of a new form of quantum fluid with fractionally charged excitations,155,male,1950-11-01,USA,Visalia CA,US,,,,,Stanford University,Stanford CA,USA,1950
1999,Günter,Grass,Literature,1,whose frolicsome black fables portray the forgotten face of history,676,male,1927-10-16,Free City of Danzig (now Poland),Danzig (now Gdansk),PL,2015-04-13,Germany,Lübeck,DE,,,,1927
1999,Ahmed,Zewail,Chemistry,1,for his studies of the transition states of chemical reactions using femtosecond spectroscopy,292,male,1946-02-26,Egypt,Damanhur,EG,2016-08-02,USA,Pasadena CA,US,California Institute of Technology (Caltech),Pasadena CA,USA,1946
1999,Doctors Without Borders,,Peace,1,in recognition of the organisation's pioneering humanitarian work on several continents,568,org,,,,,,,,,,,,1971
1999,Martinus J.G.,Veltman,Physics,2,for elucidating the quantum structure of electroweak interactions in physics,159,male,1931-06-27,the Netherlands,Waalwijk,NL,2021-01-04,the Netherlands,Bilthoven,NL,,,,1931
1999,Gerardus,'t Hooft,Physics,2,for elucidating the quantum structure of electroweak interactions in physics,158,male,1946-07-05,the Netherlands,Den Helder,NL,,,,,Utrecht University,Utrecht,the Netherlands,1946
1999,Robert,Mundell,Economics,1,for his analysis of monetary and fiscal policy under different exchange rate regimes and his analysis of optimum currency areas,720,male,1932-10-24,Canada,Kingston ON,CA,2021-04-04,Italy,Siena,IT,Columbia University,New York NY,USA,1932
1999,Günter,Blobel,Medicine,1,for the discovery that proteins have intrinsic signals that govern their transport and localization in the cell,461,male,1936-05-21,Germany (now Poland),Waltersdorf (now Niegoslawice),PL,2018-02-18,USA,New York NY,US,Rockefeller University,New York NY,USA,1936
2000,Alan,MacDiarmid,Chemistry,3,for the discovery and development of conductive polymers,730,male,1927-04-14,New Zealand,Masterton,NZ,2007-02-07,USA,Drexel Hill PA,US,University of Pennsylvania,Philadelphia PA,USA,1927
2000,Xingjian,Gao,Literature,1,for an œuvre of universal validity bitter insights and linguistic ingenuity which has opened new paths for the Chinese novel and drama,734,male,1940-01-04,China,Ganzhou,CN,,,,,,,,1940
2000,Daniel L.,McFadden,Economics,2,for his development of theory and methods for analyzing discrete choice,733,male,1937-07-29,USA,Raleigh NC,US,,,,,University of California,Berkeley CA,USA,1937
2000,James J.,Heckman,Economics,2,for his development of theory and methods for analyzing selective samples,732,male,1944-04-19,USA,Chicago IL,US,,,,,University of Chicago,Chicago IL,USA,1944
2000,Hideki,Shirakawa,Chemistry,3,for the discovery and development of conductive polymers,731,male,1936-08-20,Japan,Tokyo,JP,,,,,University of Tsukuba,Tsukuba,Japan,1936
2000,Alan,Heeger,Chemistry,3,for the discovery and development of conductive polymers,729,male,1936-01-22,USA,Sioux City IA,US,,,,,University of California,Santa Barbara CA,USA,1936
2000,Paul,Greengard,Medicine,3,for their discoveries concerning signal transduction in the nervous system,723,male,1925-12-11,USA,New York NY,US,2019-04-13,USA,New York NY,US,Rockefeller University,New York NY,USA,1925
2000,Herbert,Kroemer,Physics,4,for developing semiconductor heterostructures used in high-speed- and opto-electronics,727,male,1928-08-25,Germany,Weimar,DE,,,,,University of California,Santa Barbara CA,USA,1928
2000,Zhores,Alferov,Physics,4,for developing semiconductor heterostructures used in high-speed- and opto-electronics,726,male,1930-03-15,USSR (now Belarus),Vitebsk Belorussia,BY,2019-03-01,Russia,St. Petersburg,RU,A.F. Ioffe Physico-Technical Institute,St. Petersburg,Russia,1930
2000,Kim,Dae-jung,Peace,1,for his work for democracy and human rights in South Korea and in East Asia in general and for peace and reconciliation with North Korea in particular,725,male,1925-12-03,Korea (now South Korea),Mokpo,KR,2009-08-18,,,,,,,1925
2000,Eric,Kandel,Medicine,3,for their discoveries concerning signal transduction in the nervous system,724,male,1929-11-07,Austria,Vienna,AT,,,,,Columbia University,New York NY,USA,1929
2000,Arvid,Carlsson,Medicine,3,for their discoveries concerning signal transduction in the nervous system,722,male,1923-01-25,Sweden,Uppsala,SE,2018-06-29,Sweden,Gothenburg,SE,Göteborg University,Gothenburg,Sweden,1923
2000,Jack,Kilby,Physics,2,for his part in the invention of the integrated circuit,728,male,1923-11-08,USA,Jefferson City MO,US,2005-06-20,USA,Dallas TX,US,Texas Instruments,Dallas TX,USA,1923
2001,George A.,Akerlof,Economics,3,for their analyses of markets with asymmetric information,744,male,1940-06-17,USA,New Haven CT,US,,,,,University of California,Berkeley CA,USA,1940
2001,Kofi,Annan,Peace,2,for their work for a better organized and more peaceful world,749,male,1938-04-08,Gold Coast (now Ghana),Kumasi,GH,2018-08-18,Switzerland,Bern,CH,,,,1938
2001,United Nations,,Peace,2,for their work for a better organized and more peaceful world,748,org,,,,,,,,,,,,1945
2001,V. S.,Naipaul,Literature,1,for having united perceptive narrative and incorruptible scrutiny in works that compel us to see the presence of suppressed histories,747,male,1932-08-17,Trinidad and Tobago,Chaguanas,TT,2018-08-11,United Kingdom,London,GB,,,,1932
2001,Joseph E.,Stiglitz,Economics,3,for their analyses of markets with asymmetric information,746,male,1943-02-09,USA,Gary IN,US,,,,,Columbia University,New York NY,USA,1943
2001,A. Michael,Spence,Economics,3,for their analyses of markets with asymmetric information,745,male,,USA,Montclair NJ,US,,,,,Stanford University,Stanford CA,USA,1943
2001,Barry,Sharpless,Chemistry,2,for his work on chirally catalysed oxidation reactions,743,male,1941-04-28,USA,Philadelphia PA,US,,,,,Scripps Research,La Jolla CA,USA,1941
2001,Ryoji,Noyori,Chemistry,4,for their work on chirally catalysed hydrogenation reactions,742,male,1938-09-03,Japan,Kobe,JP,,,,,Nagoya University,Nagoya,Japan,1938
2001,William,Knowles,Chemistry,4,for their work on chirally catalysed hydrogenation reactions,741,male,1917-06-01,USA,Taunton MA,US,2012-06-13,USA,Chesterfield MO,US,,,,1917
2001,Carl,Wieman,Physics,3,for the achievement of Bose-Einstein condensation in dilute gases of alkali atoms and for early fundamental studies of the properties of the condensates,740,male,1951-03-26,USA,Corvallis OR,US,,,,,University of Colorado JILA,Boulder CO,USA,1951
2001,Wolfgang,Ketterle,Physics,3,for the achievement of Bose-Einstein condensation in dilute gases of alkali atoms and for early fundamental studies of the properties of the condensates,739,male,1957-10-21,West Germany (now Germany),Heidelberg,DE,,,,,Massachusetts Institute of Technology (MIT),Cambridge MA,USA,1957
2001,Eric,Cornell,Physics,3,for the achievement of Bose-Einstein condensation in dilute gases of alkali atoms and for early fundamental studies of the properties of the condensates,738,male,1961-12-19,USA,Palo Alto CA,US,,,,,University of Colorado JILA,Boulder CO,USA,1961
2001,Sir Paul,Nurse,Medicine,3,for their discoveries of key regulators of the cell cycle,737,male,1949-01-25,United Kingdom,Norwich,GB,,,,,Imperial Cancer Research Fund,London,United Kingdom,1949
2001,Tim,Hunt,Medicine,3,for their discoveries of key regulators of the cell cycle,736,male,1943-02-19,United Kingdom,Neston,GB,,,,,Imperial Cancer Research Fund,London,United Kingdom,1943
2001,Leland,Hartwell,Medicine,3,for their discoveries of key regulators of the cell cycle,735,male,1939-10-30,USA,Los Angeles CA,US,,,,,Fred Hutchinson Cancer Research Center,Seattle WA,USA,1939
2002,Jimmy,Carter,Peace,1,for his decades of untiring effort to find peaceful solutions to international conflicts to advance democracy and human rights and to promote economic and social development,762,male,1924-10-01,USA,Plains GA,US,,,,,,,,1924
2002,Imre,Kertész,Literature,1,for writing that upholds the fragile experience of the individual against the barbaric arbitrariness of history,761,male,1929-11-09,Hungary,Budapest,HU,2016-03-31,Hungary,Budapest,HU,,,,1929
2002,Daniel,Kahneman,Economics,2,for having integrated insights from psychological research into economic science especially concerning human judgment and decision-making under uncertainty,759,male,1934-03-05,British Mandate of Palestine (now Israel),Tel Aviv,IL,,,,,Princeton University,Princeton NJ,USA,1934
2002,Kurt,Wüthrich,Chemistry,2,for his development of nuclear magnetic resonance spectroscopy for determining the three-dimensional structure of biological macromolecules in solution,758,male,1938-10-04,Switzerland,Aarberg,CH,,,,,Eidgenössische Technische Hochschule (Swiss Federal Institute of Technology),Zurich,Switzerland,1938
2002,Koichi,Tanaka,Chemistry,4,for their development of soft desorption ionisation methods for mass spectrometric analyses of biological macromolecules,757,male,1959-08-03,Japan,Toyama City,JP,,,,,Shimadzu Corp.,Kyoto,Japan,1959
2002,John B.,Fenn,Chemistry,4,for their development of soft desorption ionisation methods for mass spectrometric analyses of biological macromolecules,756,male,1917-06-15,USA,New York NY,US,2010-12-10,USA,Richmond VA,US,Virginia Commonwealth University,Richmond VA,USA,1917
2002,Vernon L.,Smith,Economics,2,for having established laboratory experiments as a tool in empirical economic analysis especially in the study of alternative market mechanisms,760,male,1927-01-01,USA,Wichita KS,US,,,,,George Mason University,Fairfax VA,USA,1927
2002,Masatoshi,Koshiba,Physics,4,for pioneering contributions to astrophysics in particular for the detection of cosmic neutrinos,754,male,1926-09-19,Japan,Toyohashi,JP,2020-11-12,Japan,Tokyo,JP,University of Tokyo,Tokyo,Japan,1926
2002,Raymond,Davis Jr.,Physics,4,for pioneering contributions to astrophysics in particular for the detection of cosmic neutrinos,753,male,1914-10-14,USA,Washington D.C.,US,2006-05-31,USA,Blue Point NY,US,University of Pennsylvania,Philadelphia PA,USA,1914
2002,John E.,Sulston,Medicine,3,for their discoveries concerning genetic regulation of organ development and programmed cell death',752,male,1942-03-27,United Kingdom,Cambridge,GB,2018-03-06,United Kingdom,Stapleford Cambridgeshire,GB,The Wellcome Trust Sanger Institute,Cambridge,United Kingdom,1942
2002,H. Robert,Horvitz,Medicine,3,for their discoveries concerning genetic regulation of organ development and programmed cell death',751,male,1947-05-08,USA,Chicago IL,US,,,,,Massachusetts Institute of Technology (MIT),Cambridge MA,USA,1947
2002,Sydney,Brenner,Medicine,3,for their discoveries concerning genetic regulation of organ development and programmed cell death',750,male,1927-01-13,South Africa,Germiston,ZA,2019-04-05,Singapore,,SG,The Molecular Sciences Institute,Berkeley CA,USA,1927
2002,Riccardo,Giacconi,Physics,2,for pioneering contributions to astrophysics which have led to the discovery of cosmic X-ray sources,755,male,1931-10-06,Italy,Genoa,IT,2018-12-16,USA,La Jolla CA,US,Associated Universities Inc.,Washington D.C.,USA,1931
2003,Shirin,Ebadi,Peace,1,for her efforts for democracy and human rights. She has focused especially on the struggle for the rights of women and children,773,female,1947-06-21,Iran,Hamadan,IR,,,,,,,,1947
2003,Clive W.J.,Granger,Economics,2,for methods of analyzing economic time series with common trends (cointegration),772,male,1934-09-04,United Kingdom,Swansea,GB,2009-05-27,USA,San Diego CA,US,University of California,San Diego CA,USA,1934
2003,Robert F.,Engle III,Economics,2,for methods of analyzing economic time series with time-varying volatility (ARCH),771,male,1942-11-10,USA,Syracuse NY,US,,,,,New York University,New York NY,USA,1942
2003,Roderick,MacKinnon,Chemistry,2,for structural and mechanistic studies of ion channels,770,male,1956-02-19,USA,Burlington MA,US,,,,,Rockefeller University,New York NY,USA,1956
2003,Peter,Agre,Chemistry,2,for the discovery of water channels,769,male,1949-01-30,USA,Northfield MN,US,,,,,Johns Hopkins University School of Medicine,Baltimore MD,USA,1949
2003,Anthony J.,Leggett,Physics,3,for pioneering contributions to the theory of superconductors and superfluids,768,male,1938-03-26,United Kingdom,London,GB,,,,,University of Illinois,Urbana IL,USA,1938
2003,Vitaly L.,Ginzburg,Physics,3,for pioneering contributions to the theory of superconductors and superfluids,767,male,1916-10-04,Russia,Moscow,RU,2009-11-08,,,,P.N. Lebedev Physical Institute,Moscow,Russia,1916
2003,Sir Peter,Mansfield,Medicine,2,for their discoveries concerning magnetic resonance imaging,765,male,1933-10-09,United Kingdom,London,GB,2017-02-08,,,,University of Nottingham School of Physics and Astronomy,Nottingham,United Kingdom,1933
2003,Paul C.,Lauterbur,Medicine,2,for their discoveries concerning magnetic resonance imaging,764,male,1929-05-06,USA,Sidney OH,US,2007-03-27,USA,Urbana IL,US,University of Illinois,Urbana IL,USA,1929
2003,J. M.,Coetzee,Literature,1,who in innumerable guises portrays the surprising involvement of the outsider,763,male,1940-02-09,South Africa,Cape Town,ZA,,,,,,,,1940
2003,Alexei,Abrikosov,Physics,3,for pioneering contributions to the theory of superconductors and superfluids,766,male,1928-06-25,USSR (now Russia),Moscow,RU,2017-03-29,,,,Argonne National Laboratory,Argonne IL,USA,1928
2004,Edward C.,Prescott,Economics,2,for their contributions to dynamic macroeconomics: the time consistency of economic policy and the driving forces behind business cycles,787,male,1940-12-26,USA,Glens Falls NY,US,2022-11-06,USA,Paradise Valley AZ,US,Arizona State University,Tempe AZ,USA,1940
2004,Irwin,Rose,Chemistry,3,for the discovery of ubiquitin-mediated protein degradation,781,male,1926-07-16,USA,Brooklyn NY,US,2015-06-03,USA,Deerfield MA,US,University of California,Irvine CA,USA,1926
2004,Finn E.,Kydland,Economics,2,for their contributions to dynamic macroeconomics: the time consistency of economic policy and the driving forces behind business cycles,786,male,1943-12-01,Norway,Gjesdal,NO,,,,,Carnegie Mellon University,Pittsburgh PA,USA,1943
2004,Wangari,Maathai,Peace,1,for her contribution to sustainable development democracy and peace,783,female,1940-04-01,Kenya,Nyeri,KE,2011-09-25,Kenya,Nairobi,KE,,,,1940
2004,Elfriede,Jelinek,Literature,1,for her musical flow of voices and counter-voices in novels and plays that with extraordinary linguistic zeal reveal the absurdity of society's clich&eacute;s and their subjugating power,782,female,1946-10-20,Austria,Mürzzuschlag,AT,,,,,,,,1946
2004,Avram,Hershko,Chemistry,3,for the discovery of ubiquitin-mediated protein degradation,780,male,1937-12-31,Hungary,Karcag,HU,,,,,Technion - Israel Institute of Technology,Haifa,Israel,1937
2004,David J.,Gross,Physics,3,for the discovery of asymptotic freedom in the theory of the strong interaction,776,male,1941-02-19,USA,Washington D.C.,US,,,,,University of California Kavli Institute for Theoretical Physics,Santa Barbara CA,USA,1941
2004,Frank,Wilczek,Physics,3,for the discovery of asymptotic freedom in the theory of the strong interaction,778,male,1951-05-15,USA,New York NY,US,,,,,Massachusetts Institute of Technology (MIT),Cambridge MA,USA,1951
2004,H. David,Politzer,Physics,3,for the discovery of asymptotic freedom in the theory of the strong interaction,777,male,1949-08-31,USA,New York NY,US,,,,,California Institute of Technology (Caltech),Pasadena CA,USA,1949
2004,Linda B.,Buck,Medicine,2,for their discoveries of odorant receptors and the organization of the olfactory system,775,female,1947-01-29,USA,Seattle WA,US,,,,,Fred Hutchinson Cancer Research Center,Seattle WA,USA,1947
2004,Richard,Axel,Medicine,2,for their discoveries of odorant receptors and the organization of the olfactory system,774,male,1946-07-02,USA,New York NY,US,,,,,Columbia University,New York NY,USA,1946
2004,Aaron,Ciechanover,Chemistry,3,for the discovery of ubiquitin-mediated protein degradation,779,male,1947-10-01,British Protectorate of Palestine (now Israel),Haifa,IL,,,,,Technion - Israel Institute of Technology,Haifa,Israel,1947
2005,Harold,Pinter,Literature,1,who in his plays uncovers the precipice under everyday prattle and forces entry into oppression's closed rooms,801,male,1930-10-10,United Kingdom,London,GB,2008-12-24,United Kingdom,London,GB,,,,1930
2005,Thomas C.,Schelling,Economics,2,for having enhanced our understanding of conflict and cooperation through game-theory analysis,800,male,1921-04-14,USA,Oakland CA,US,2016-12-13,USA,Bethesda MD,US,University of Maryland Department of Economics and School of Public Policy,College Park MD,USA,1921
2005,Mohamed,ElBaradei,Peace,2,for their efforts to prevent nuclear energy from being used for military purposes and to ensure that nuclear energy for peaceful purposes is used in the safest possible way,798,male,1942-06-17,Egypt,Cairo,EG,,,,,,,,1942
2005,International Atomic Energy Agency,,Peace,2,for their efforts to prevent nuclear energy from being used for military purposes and to ensure that nuclear energy for peaceful purposes is used in the safest possible way,797,org,,,,,,,,,,,,1957
2005,Richard R.,Schrock,Chemistry,3,for the development of the metathesis method in organic synthesis,796,male,1945-01-04,USA,Berne IN,US,,,,,Massachusetts Institute of Technology (MIT),Cambridge MA,USA,1945
2005,Robert H.,Grubbs,Chemistry,3,for the development of the metathesis method in organic synthesis,795,male,1942-02-27,USA,Possum Trot KY,US,2021-12-19,USA,Duarte CA,US,California Institute of Technology (Caltech),Pasadena CA,USA,1942
2005,Robert J.,Aumann,Economics,2,for having enhanced our understanding of conflict and cooperation through game-theory analysis,799,male,1930-06-08,Germany,Frankfurt-on-the-Main,DE,,,,,University of Jerusalem Center for RationalityHebrew,Jerusalem,Israel,1930
2005,Theodor W.,Hänsch,Physics,4,for their contributions to the development of laser-based precision spectroscopy including the optical frequency comb technique,793,male,1941-10-30,Germany,Heidelberg,DE,,,,,Max-Planck-Institut für Quantenoptik,Garching,Germany,1941
2005,John L.,Hall,Physics,4,for their contributions to the development of laser-based precision spectroscopy including the optical frequency comb technique,792,male,1934-08-21,USA,Denver CO,US,,,,,University of Colorado JILA,Boulder CO,USA,1934
2005,Roy J.,Glauber,Physics,2,for his contribution to the quantum theory of optical coherence,791,male,1925-09-01,USA,New York NY,US,2018-12-26,USA,Newton MA,US,Harvard University,Cambridge MA,USA,1925
2005,J. Robin,Warren,Medicine,2,for their discovery of the bacterium <i>Helicobacter pylori</i> and its role in gastritis and peptic ulcer disease,790,male,1937-06-11,Australia,Adelaide,AU,,,,,,,,1937
2005,Barry J.,Marshall,Medicine,2,for their discovery of the bacterium <i>Helicobacter pylori</i> and its role in gastritis and peptic ulcer disease,789,male,1951-09-30,Australia,Kalgoorlie,AU,,,,,NHMRC Helicobacter pylori Research Laboratory QEII Medical Centre,Nedlands,Australia,1951
2005,Yves,Chauvin,Chemistry,3,for the development of the metathesis method in organic synthesis,794,male,1930-10-10,Belgium,Menin,BE,2015-01-27,France,Tours,FR,Institut Français du Pétrole,Rueil-Malmaison,France,1930
2006,Grameen Bank,,Peace,2,for their efforts to create economic and social development from below,810,org,,,,,,,,,,,,1976
2006,Muhammad,Yunus,Peace,2,for their efforts to create economic and social development from below,809,male,1940-06-28,British India (now Bangladesh),Chittagong,BD,,,,,,,,1940
2006,Orhan,Pamuk,Literature,1,who in the quest for the melancholic soul of his native city has discovered new symbols for the clash and interlacing of cultures,808,male,1952-06-07,Turkey,Istanbul,TR,,,,,,,,1952
2006,Edmund S.,Phelps,Economics,1,for his analysis of intertemporal tradeoffs in macroeconomic policy,807,male,1933-07-26,USA,Evanston IL,US,,,,,Columbia University,New York NY,USA,1933
2006,Roger D.,Kornberg,Chemistry,1,for his studies of the molecular basis of eukaryotic transcription,806,male,1947-04-24,USA,St. Louis MO,US,,,,,Stanford University,Stanford CA,USA,1947
2006,George F.,Smoot,Physics,2,for their discovery of the blackbody form and anisotropy of the cosmic microwave background radiation,805,male,1945-02-20,USA,Yukon FL,US,,,,,University of California,Berkeley CA,USA,1945
2006,Craig C.,Mello,Medicine,2,for their discovery of RNA interference - gene silencing by double-stranded RNA,803,male,1960-10-18,USA,New Haven CT,US,,,,,University of Massachusetts Medical School,Worcester MA,USA,1960
2006,Andrew Z.,Fire,Medicine,2,for their discovery of RNA interference - gene silencing by double-stranded RNA,802,male,1959-04-27,USA,Stanford CA,US,,,,,Stanford University School of Medicine,Stanford CA,USA,1959
2006,John C.,Mather,Physics,2,for their discovery of the blackbody form and anisotropy of the cosmic microwave background radiation,804,male,1946-08-07,USA,Roanoke VA,US,,,,,NASA Goddard Space Flight Center,Greenbelt MD,USA,1946
2007,Roger B.,Myerson,Economics,3,for having laid the foundations of mechanism design theory,822,male,1951-03-29,USA,Boston MA,US,,,,,University of Chicago,Chicago IL,USA,1951
2007,Eric S.,Maskin,Economics,3,for having laid the foundations of mechanism design theory,821,male,1950-12-12,USA,New York NY,US,,,,,Institute for Advanced Study,Princeton NJ,USA,1950
2007,Leonid,Hurwicz,Economics,3,for having laid the foundations of mechanism design theory,820,male,1917-08-21,Russia,Moscow,RU,2008-06-24,USA,Minneapolis MN,US,University of Minnesota,Minneapolis MN,USA,1917
2007,Al,Gore,Peace,2,for their efforts to build up and disseminate greater knowledge about man-made climate change and to lay the foundations for the measures that are needed to counteract such change,819,male,1948-03-31,USA,Washington D.C.,US,,,,,,,,1948
2007,Intergovernmental Panel on Climate Change,,Peace,2,for their efforts to build up and disseminate greater knowledge about man-made climate change and to lay the foundations for the measures that are needed to counteract such change,818,org,,,,,,,,,,,,1988
2007,Gerhard,Ertl,Chemistry,1,for his studies of chemical processes on solid surfaces,816,male,1936-10-10,Germany,Bad Cannstatt,DE,,,,,Fritz-Haber-Institut der Max-Planck-Gesellschaft,Berlin,Germany,1936
2007,Doris,Lessing,Literature,1,that epicist of the female experience who with scepticism fire and visionary power has subjected a divided civilisation to scrutiny,817,female,1919-10-22,Persia (now Iran),Kermanshah,IR,2013-11-17,United Kingdom,London,GB,,,,1919
2007,Albert,Fert,Physics,2,for the discovery of Giant Magnetoresistance,814,male,1938-03-07,France,Carcassonne,FR,,,,,Universit&eacute; Paris-Sud,Orsay,France,1938
2007,Oliver,Smithies,Medicine,3,for their discoveries of principles for introducing specific gene modifications in mice by the use of embryonic stem cells,813,male,1925-06-23,United Kingdom,Halifax,GB,2017-01-10,USA,Chapel Hill NC,US,University of North Carolina,Chapel Hill NC,USA,1925
2007,Sir Martin J.,Evans,Medicine,3,for their discoveries of principles for introducing specific gene modifications in mice by the use of embryonic stem cells,812,male,1941-01-01,United Kingdom,Stroud,GB,,,,,Cardiff University,Cardiff,United Kingdom,1941
2007,Mario R.,Capecchi,Medicine,3,for their discoveries of principles for introducing specific gene modifications in mice by the use of embryonic stem cells,811,male,1937-10-06,Italy,Verona,IT,,,,,University of Utah,Salt Lake City UT,USA,1937
2007,Peter,Grünberg,Physics,2,for the discovery of Giant Magnetoresistance,815,male,1939-05-18,Czechoslovakia (now Czech Republic),Plzen,CZ,2018-04-09,Germany,Jülich,DE,Forschungszentrum J&uuml;lich,Jülich,Germany,1939
2008,Martti,Ahtisaari,Peace,1,for his important efforts on several continents and over more than three decades to resolve international conflicts,833,male,1937-06-23,Finland,Viipuri (now Vyborg),FI,,,,,,,,1937
2008,Jean-Marie Gustave,Le Clézio,Literature,1,author of new departures poetic adventure and sensual ecstasy explorer of a humanity beyond and below the reigning civilization,832,male,1940-04-13,France,Nice,FR,,,,,,,,1940
2008,Roger Y.,Tsien,Chemistry,3,for the discovery and development of the green fluorescent protein GFP,831,male,1952-02-01,USA,New York NY,US,2016-08-24,USA,Eugene OR,US,University of California,San Diego CA,USA,1952
2008,Martin,Chalfie,Chemistry,3,for the discovery and development of the green fluorescent protein GFP,830,male,1947-01-15,USA,Chicago IL,US,,,,,Columbia University,New York NY,USA,1947
2008,Osamu,Shimomura,Chemistry,3,for the discovery and development of the green fluorescent protein GFP,829,male,1928-08-27,Japan,Kyoto,JP,2018-10-19,Japan,Nagasaki,JP,Marine Biological Laboratory (MBL),Woods Hole MA,USA,1928
2008,Toshihide,Maskawa,Physics,4,for the discovery of the origin of the broken symmetry which predicts the existence of at least three families of quarks in nature,828,male,1940-02-07,Japan,Nagoya,JP,2021-07-23,Japan,Kyoto,JP,Kyoto Sangyo University,Kyoto,Japan,1940
2008,Paul,Krugman,Economics,1,for his analysis of trade patterns and location of economic activity,834,male,1953-02-28,USA,New York NY,US,,,,,Princeton University,Princeton NJ,USA,1953
2008,Yoichiro,Nambu,Physics,2,for the discovery of the mechanism of spontaneous broken symmetry in subatomic physics,826,male,1921-01-18,Japan,Tokyo,JP,2015-07-05,Japan,Osaka,JP,Enrico Fermi Institute University of Chicago,Chicago IL,USA,1921
2008,Luc,Montagnier,Medicine,4,for their discovery of human immunodeficiency virus,825,male,1932-08-18,France,Chabris,FR,2022-02-08,France,Paris,FR,World Foundation for AIDS Research and Prevention,Paris,France,1932
2008,Françoise,Barré-Sinoussi,Medicine,4,for their discovery of human immunodeficiency virus,824,female,1947-07-30,France,Paris,FR,,,,,Regulation of Retroviral Infections Unit Virology Department Institut Pasteur,Paris,France,1947
2008,Harald,zur Hausen,Medicine,2,for his discovery of human papilloma viruses causing cervical cancer,823,male,1936-03-11,Germany,Gelsenkirchen,DE,,,,,German Cancer Research Center,Heidelberg,Germany,1936
2008,Makoto,Kobayashi,Physics,4,for the discovery of the origin of the broken symmetry which predicts the existence of at least three families of quarks in nature,827,male,1944-04-07,Japan,Nagoya,JP,,,,,High Energy Accelerator Research Organization (KEK),Tsukuba,Japan,1944
2009,Oliver E.,Williamson,Economics,2,for his analysis of economic governance especially the boundaries of the firm,847,male,1932-09-27,USA,Superior WI,US,,,,,University of California,Berkeley CA,USA,1932
2009,Elinor,Ostrom,Economics,2,for her analysis of economic governance especially the commons,846,female,1933-08-07,USA,Los Angeles CA,US,2012-06-12,USA,Bloomington IN,US,Indiana University,Bloomington IN,USA,1933
2009,Barack,Obama,Peace,1,for his extraordinary efforts to strengthen international diplomacy and cooperation between peoples,845,male,1961-08-04,USA,Honolulu HI,US,,,,,,,,1961
2009,Herta,Müller,Literature,1,who with the concentration of poetry and the frankness of prose depicts the landscape of the dispossessed,844,female,1953-08-17,Romania,Nitzkydorf Banat,RO,,,,,,,,1953
2009,Ada E.,Yonath,Chemistry,3,for studies of the structure and function of the ribosome,843,female,1939-06-22,British Mandate of Palestine (now Israel),Jerusalem,IL,,,,,Weizmann Institute of Science,Rehovot,Israel,1939
2009,Thomas A.,Steitz,Chemistry,3,for studies of the structure and function of the ribosome,842,male,1940-08-23,USA,Milwaukee WI,US,2018-08-23,USA,Branford CT,US,Yale University,New Haven CT,USA,1940
2009,Venkatraman,Ramakrishnan,Chemistry,3,for studies of the structure and function of the ribosome,841,male,,India,Chidambaram Tamil Nadu,IN,,,,,MRC Laboratory of Molecular Biology,Cambridge,United Kingdom,1952
2009,George E.,Smith,Physics,4,for the invention of an imaging semiconductor circuit - the CCD sensor,840,male,1930-05-10,USA,White Plains NY,US,,,,,Bell Laboratories,Murray Hill NJ,USA,1930
2009,Charles K.,Kao,Physics,2,for groundbreaking achievements concerning the transmission of light in fibers for optical communication,838,male,1933-11-04,China,Shanghai,CN,2018-09-23,,Hong Kong,,Standard Telecommunication Laboratories,Harlow,United Kingdom,1933
2009,Jack W.,Szostak,Medicine,3,for the discovery of how chromosomes are protected by telomeres and the enzyme telomerase,837,male,1952-11-09,United Kingdom,London,GB,,,,,Harvard Medical School,Boston MA,USA,1952
2009,Carol W.,Greider,Medicine,3,for the discovery of how chromosomes are protected by telomeres and the enzyme telomerase,836,female,1961-04-15,USA,San Diego CA,US,,,,,Johns Hopkins University School of Medicine,Baltimore MD,USA,1961
2009,Elizabeth H.,Blackburn,Medicine,3,for the discovery of how chromosomes are protected by telomeres and the enzyme telomerase,835,female,1948-11-26,Australia,Hobart Tasmania,AU,,,,,University of California,San Francisco CA,USA,1948
2009,Willard S.,Boyle,Physics,4,for the invention of an imaging semiconductor circuit - the CCD sensor,839,male,1924-08-19,Canada,Amherst NS,CA,2011-05-07,Canada,Truro NS,CA,Bell Laboratories,Murray Hill NJ,USA,1924
2010,Dale T.,Mortensen,Economics,3,for their analysis of markets with search frictions,857,male,1939-02-02,USA,Enterprise OR,US,2014-01-09,USA,Wilmette IL,US,Northwestern University,Evanston IL,USA,1939
2010,Mario,Vargas Llosa,Literature,1,for his cartography of structures of power and his trenchant images of the individual's resistance revolt and defeat,854,male,1936-03-28,Peru,Arequipa,PE,,,,,,,,1936
2010,Christopher A.,Pissarides,Economics,3,for their analysis of markets with search frictions,858,male,1948-02-20,Cyprus,Nicosia,CY,,,,,London School of Economics and Political Science,London,United Kingdom,1948
2010,Xiaobo,Liu,Peace,1,for his long and non-violent struggle for fundamental human rights in China,855,male,1955-12-28,China,Changchun,CN,2017-07-13,China,Shenyang,CN,,,,1955
2010,Akira,Suzuki,Chemistry,3,for palladium-catalyzed cross couplings in organic synthesis,853,male,1930-09-12,Japan,Mukawa,JP,,,,,Hokkaido University,Sapporo,Japan,1930
2010,Peter A.,Diamond,Economics,3,for their analysis of markets with search frictions,856,male,1940-04-29,USA,New York NY,US,,,,,Massachusetts Institute of Technology (MIT),Cambridge MA,USA,1940
2010,Richard F.,Heck,Chemistry,3,for palladium-catalyzed cross couplings in organic synthesis,851,male,1931-08-15,USA,Springfield MA,US,2015-10-09,Philippines,Manila,PH,University of Delaware,,USA,1931
2010,Konstantin,Novoselov,Physics,2,for groundbreaking experiments regarding the two-dimensional material graphene,850,male,1974-08-23,Russia,Nizhny Tagil,RU,,,,,University of Manchester,Manchester,United Kingdom,1974
2010,Andre,Geim,Physics,2,for groundbreaking experiments regarding the two-dimensional material graphene,849,male,1958-10-21,Russia,Sochi,RU,,,,,University of Manchester,Manchester,United Kingdom,1958
2010,Robert G.,Edwards,Medicine,1,for the development of in vitro fertilization,848,male,1925-09-27,United Kingdom,Batley,GB,2013-04-10,United Kingdom,Cambridge,GB,University of Cambridge,Cambridge,United Kingdom,1925
2010,Ei-ichi,Negishi,Chemistry,3,for palladium-catalyzed cross couplings in organic synthesis,852,male,1935-07-14,China,Changchun,CN,2021-06-06,USA,Indianapolis IN,US,Purdue University,West Lafayette IN,USA,1935
2011,Christopher A.,Sims,Economics,2,for their empirical research on cause and effect in the macroeconomy,873,male,1942-10-21,USA,Washington D.C.,US,,,,,Princeton University,Princeton NJ,USA,1942
2011,Tawakkol,Karman,Peace,3,for their non-violent struggle for the safety of women and for women's rights to full participation in peace-building work,871,female,1979-02-07,Yemen,Ta'izz,YE,,,,,,,,1979
2011,Leymah,Gbowee,Peace,3,for their non-violent struggle for the safety of women and for women's rights to full participation in peace-building work,870,female,1972-02-01,Liberia,Monrovia,LR,,,,,,,,1972
2011,Ellen,Johnson Sirleaf,Peace,3,for their non-violent struggle for the safety of women and for women's rights to full participation in peace-building work,869,female,1938-10-29,Liberia,Monrovia,LR,,,,,,,,1938
2011,Tomas,Tranströmer,Literature,1,because through his condensed translucent images he gives us fresh access to reality,868,male,1931-04-15,Sweden,Stockholm,SE,2015-03-26,Sweden,Stockholm,SE,,,,1931
2011,Dan,Shechtman,Chemistry,1,for the discovery of quasicrystals,867,male,1941-01-24,British Mandate of Palestine (now Israel),Tel Aviv,IL,,,,,Technion - Israel Institute of Technology,Haifa,Israel,1941
2011,Thomas J.,Sargent,Economics,2,for their empirical research on cause and effect in the macroeconomy,872,male,1943-07-19,USA,Pasadena CA,US,,,,,New York University,New York NY,USA,1943
2011,Brian P.,Schmidt,Physics,4,for the discovery of the accelerating expansion of the Universe through observations of distant supernovae,865,male,1967-02-24,USA,Missoula MT,US,,,,,Australian National University,Weston Creek,Australia,1967
2011,Saul,Perlmutter,Physics,2,for the discovery of the accelerating expansion of the Universe through observations of distant supernovae,864,male,,USA,Champaign-Urbana IL,US,,,,,Lawrence Berkeley National Laboratory,Berkeley CA,USA,1959
2011,Ralph M.,Steinman,Medicine,2,for his discovery of the dendritic cell and its role in adaptive immunity,863,male,1943-01-14,Canada,Montreal,CA,2011-09-30,USA,New York NY,US,Rockefeller University,New York NY,USA,1943
2011,Jules A.,Hoffmann,Medicine,4,for their discoveries concerning the activation of innate immunity,862,male,1941-08-02,Luxembourg,Echternach,LU,,,,,University of Strasbourg,Strasbourg,France,1941
2011,Bruce A.,Beutler,Medicine,4,for their discoveries concerning the activation of innate immunity,861,male,1957-12-29,USA,Chicago IL,US,,,,,University of Texas Southwestern Medical Center at Dallas,Dallas TX,USA,1957
2011,Adam G.,Riess,Physics,4,for the discovery of the accelerating expansion of the Universe through observations of distant supernovae,866,male,1969-12-16,USA,Washington D.C.,US,,,,,Johns Hopkins University,Baltimore MD,USA,1969
2012,Lloyd S.,Shapley,Economics,2,for the theory of stable allocations and the practice of market design,883,male,1923-06-02,USA,Cambridge MA,US,2016-03-12,USA,Tucson AZ,US,University of California,Los Angeles CA,USA,1923
2012,Alvin E.,Roth,Economics,2,for the theory of stable allocations and the practice of market design,882,male,1951-12-18,USA,New York NY,US,,,,,Harvard University,Cambridge MA,USA,1951
2012,European Union,,Peace,1,for over six decades contributed to the advancement of peace and reconciliation democracy and human rights in Europe,881,org,,,,,,,,,,,,1952
2012,Mo,Yan,Literature,1,who with hallucinatory realism merges folk tales history and the contemporary,880,male,1955-02-02,China,Gaomi,CN,,,,,,,,1955
2012,Brian,Kobilka,Chemistry,2,for studies of G-protein-coupled receptors,879,male,1955-05-30,USA,Little Falls MN,US,,,,,Stanford University School of Medicine,Stanford CA,USA,1955
2012,Robert J.,Lefkowitz,Chemistry,2,for studies of G-protein-coupled receptors,878,male,1943-04-15,USA,New York NY,US,,,,,Howard Hughes Medical Institute,,USA,1943
2012,Serge,Haroche,Physics,2,for ground-breaking experimental methods that enable measuring and manipulation of individual quantum systems,876,male,1944-09-11,Morocco,Casablanca,MA,,,,,Collège de France,Paris,France,1944
2012,Shinya,Yamanaka,Medicine,2,for the discovery that mature cells can be reprogrammed to become pluripotent,875,male,1962-09-04,Japan,Osaka,JP,,,,,Kyoto University,Kyoto,Japan,1962
2012,Sir John B.,Gurdon,Medicine,2,for the discovery that mature cells can be reprogrammed to become pluripotent,874,male,1933-10-02,United Kingdom,Dippenhall,GB,,,,,Gurdon Institute,Cambridge,United Kingdom,1933
2012,David J.,Wineland,Physics,2,for ground-breaking experimental methods that enable measuring and manipulation of individual quantum systems,877,male,1944-02-24,USA,Milwaukee WI,US,,,,,National Institute of Standards and Technology,Boulder CO,USA,1944
2013,Robert J.,Shiller,Economics,3,for their empirical analysis of asset prices,896,male,1946-03-29,USA,Detroit MI,US,,,,,Yale University,New Haven CT,USA,1946
2013,Arieh,Warshel,Chemistry,3,for the development of multiscale models for complex chemical systems,891,male,1940-11-20,British Mandate of Palestine (now Israel),Kibbutz Sde-Nahum,IL,,,,,University of Southern California,Los Angeles CA,USA,1940
2013,Lars Peter,Hansen,Economics,3,for their empirical analysis of asset prices,895,male,1952-10-26,USA,Urbana IL,US,,,,,University of Chicago,Chicago IL,USA,1952
2013,Eugene F.,Fama,Economics,3,for their empirical analysis of asset prices,894,male,1939-02-14,USA,Boston MA,US,,,,,University of Chicago,Chicago IL,USA,1939
2013,Organisation for the Prohibition of Chemical Weapons,,Peace,1,for its extensive efforts to eliminate chemical weapons,893,org,,,,,,,,,,,,1997
2013,Alice,Munro,Literature,1,master of the contemporary short story,892,female,1931-07-10,Canada,Wingham,CA,,,,,,,,1931
2013,Michael,Levitt,Chemistry,3,for the development of multiscale models for complex chemical systems,890,male,1947-05-09,South Africa,Pretoria,ZA,,,,,Stanford University School of Medicine,Stanford CA,USA,1947
2013,Martin,Karplus,Chemistry,3,for the development of multiscale models for complex chemical systems,889,male,1930-03-15,Austria,Vienna,AT,,,,,Université de Strasbourg,Strasbourg,France,1930
2013,Peter,Higgs,Physics,2,for the theoretical discovery of a mechanism that contributes to our understanding of the origin of mass of subatomic particles and which recently was confirmed through the discovery of the predicted fundamental particle by the ATLAS and CMS experiments at CERN's Large Hadron Collider,888,male,1929-05-29,United Kingdom,Newcastle upon Tyne,GB,,,,,University of Edinburgh,Edinburgh,United Kingdom,1929
2013,François,Englert,Physics,2,for the theoretical discovery of a mechanism that contributes to our understanding of the origin of mass of subatomic particles and which recently was confirmed through the discovery of the predicted fundamental particle by the ATLAS and CMS experiments at CERN's Large Hadron Collider,887,male,1932-11-06,Belgium,Etterbeek,BE,,,,,Université Libre de Bruxelles,Brussels,Belgium,1932
2013,Thomas C.,Südhof,Medicine,3,for their discoveries of machinery regulating vesicle traffic a major transport system in our cells,886,male,1955-12-22,Germany,Göttingen,DE,,,,,Stanford University,Stanford CA,USA,1955
2013,Randy W.,Schekman,Medicine,3,for their discoveries of machinery regulating vesicle traffic a major transport system in our cells,885,male,1948-12-30,USA,St. Paul MN,US,,,,,University of California,Berkeley CA,USA,1948
2013,James E.,Rothman,Medicine,3,for their discoveries of machinery regulating vesicle traffic a major transport system in our cells,884,male,1950-11-03,USA,Haverhill MA,US,,,,,Yale University,New Haven CT,USA,1950
2014,Jean,Tirole,Economics,1,for his analysis of market power and regulation,915,male,1953-08-09,France,Troyes,FR,,,,,Toulouse School of Economics (TSE),Toulouse,France,1953
2014,Malala,Yousafzai,Peace,2,for their struggle against the suppression of children and young people and for the right of all children to education,914,female,1997-07-12,Pakistan,Mingora,PK,,,,,,,,1997
2014,Patrick,Modiano,Literature,1,"for the art of memory with which he has evoked the most ungraspable human destinies and
uncovered the life-world of the occupation",912,male,1945-07-30,France,Paris,FR,,,,,,,,1945
2014,William E.,Moerner,Chemistry,3,for the development of super-resolved fluorescence microscopy,911,male,1953-06-24,USA,Pleasanton CA,US,,,,,Stanford University,Stanford CA,USA,1953
2014,Stefan W.,Hell,Chemistry,3,for the development of super-resolved fluorescence microscopy,910,male,1962-12-23,Romania,Arad,RO,,,,,Max Planck Institute for Biophysical Chemistry,Göttingen,Germany,1962
2014,Eric,Betzig,Chemistry,3,for the development of super-resolved fluorescence microscopy,909,male,1960-01-13,USA,Ann Arbor MI,US,,,,,Janelia Research Campus Howard Hughes Medical Institute,Ashburn VA,USA,1960
2014,Kailash,Satyarthi,Peace,2,for their struggle against the suppression of children and young people and for the right of all children to education,913,male,1954-01-11,India,Vidisha,IN,,,,,,,,1954
2014,Hiroshi,Amano,Physics,3,for the invention of efficient blue light-emitting diodes which has enabled bright and energy-saving white light sources,907,male,1960-09-11,Japan,Hamamatsu,JP,,,,,Nagoya University,Nagoya,Japan,1960
2014,Isamu,Akasaki,Physics,3,for the invention of efficient blue light-emitting diodes which has enabled bright and energy-saving white light sources,906,male,1929-01-30,Japan,Chiran,JP,2021-04-01,Japan,Nagoya,JP,Meijo University,Nagoya,Japan,1929
2014,Edvard I.,Moser,Medicine,4,for their discoveries of cells that constitute a positioning system in the brain,905,male,1962-04-27,Norway,Ålesund,NO,,,,,Norwegian University of Science and Technology (NTNU),Trondheim,Norway,1962
2014,May-Britt,Moser,Medicine,4,for their discoveries of cells that constitute a positioning system in the brain,904,female,1963-01-04,Norway,Fosnavåg,NO,,,,,Norwegian University of Science and Technology (NTNU),Trondheim,Norway,1963
2014,John,O'Keefe,Medicine,2,for their discoveries of cells that constitute a positioning system in the brain,903,male,1939-11-18,USA,New York NY,US,,,,,University College,London,United Kingdom,1939
2014,Shuji,Nakamura,Physics,3,for the invention of efficient blue light-emitting diodes which has enabled bright and energy-saving white light sources,908,male,1954-05-22,Japan,Ikata,JP,,,,,University of California,Santa Barbara CA,USA,1954
2015,Angus,Deaton,Economics,1,for his analysis of consumption poverty and welfare,926,male,1945-10-19,Scotland,Edinburgh,GB,,,,,Princeton University,Princeton NJ,USA,1945
2015,National Dialogue Quartet,,Peace,1,for its decisive contribution to the building of a pluralistic democracy in Tunisia in the wake of the Jasmine Revolution of 2011,925,org,,,,,,,,,,,,2013
2015,Svetlana,Alexievich,Literature,1,for her polyphonic writings a monument to suffering and courage in our time,924,female,1948-05-31,Ukraine,Ivano-Frankivsk,UA,,,,,,,,1948
2015,Aziz,Sancar,Chemistry,3,for mechanistic studies of DNA repair,923,male,1946-09-08,Turkey,Savur,TR,,,,,University of North Carolina,Chapel Hill NC,USA,1946
2015,Paul,Modrich,Chemistry,3,for mechanistic studies of DNA repair,922,male,1946-06-13,USA,Raton NM,US,,,,,Howard Hughes Medical Institute,Durham NC,USA,1946
2015,Tomas,Lindahl,Chemistry,3,for mechanistic studies of DNA repair,921,male,1938-01-28,Sweden,Stockholm,SE,,,,,Francis Crick Institute,Hertfordshire,United Kingdom,1938
2015,Takaaki,Kajita,Physics,2,for the discovery of neutrino oscillations which shows that neutrinos have mass,919,male,1959-03-09,Japan,Higashimatsuyama,JP,,,,,University of Tokyo,Kashiwa,Japan,1959
2015,Youyou,Tu,Medicine,2,for her discoveries concerning a novel therapy against Malaria,918,female,1930-12-30,China,Zhejiang Ningbo,CN,,,,,China Academy of Traditional Chinese Medicine,Beijing,China,1930
2015,Satoshi,Ōmura,Medicine,4,for their discoveries concerning a novel therapy against infections caused by roundworm parasites,917,male,1935-07-12,Japan,Yamanashi Prefecture,JP,,,,,Kitasato University,Tokyo,Japan,1935
2015,William C.,Campbell,Medicine,4,for their discoveries concerning a novel therapy against infections caused by roundworm parasites,916,male,1930-06-28,Ireland,Ramelton,IE,,,,,Drew University,Madison NJ,USA,1930
2015,Arthur B.,McDonald,Physics,2,for the discovery of neutrino oscillations which shows that neutrinos have mass,920,male,1943-08-29,Canada,Sydney,CA,,,,,Queen's University,Kingston,Canada,1943
2016,Bengt,Holmström,Economics,2,for their contributions to contract theory,936,male,1949-04-18,Finland,Helsinki,FI,,,,,Massachusetts Institute of Technology (MIT),Cambridge MA,USA,1949
2016,Bernard L.,Feringa,Chemistry,3,for the design and synthesis of molecular machines,933,male,1951-05-18,the Netherlands,Barger-Compascuum,NL,,,,,University of Groningen,Groningen,the Netherlands,1951
2016,Oliver,Hart,Economics,2,for their contributions to contract theory,935,male,1948-10-09,United Kingdom,London,GB,,,,,Harvard University,Cambridge MA,USA,1948
2016,Juan Manuel,Santos,Peace,1,for his resolute efforts to bring the country's more than 50-year-long civil war to an end,934,male,1951-08-10,Colombia,Bogotá,CO,,,,,,,,1951
2016,Sir J. Fraser,Stoddart,Chemistry,3,for the design and synthesis of molecular machines,932,male,1942-05-24,United Kingdom,Edinburgh,GB,,,,,Northwestern University,Evanston IL,USA,1942
2016,Bob,Dylan,Literature,1,for having created new poetic expressions within the great American song tradition,937,male,1941-05-24,USA,Duluth MN,US,,,,,,,,1941
2016,J. Michael,Kosterlitz,Physics,4,for theoretical discoveries of topological phase transitions and topological phases of matter,930,male,1943-06-22,United Kingdom,Aberdeen,GB,,,,,Brown University,Providence RI,USA,1943
2016,F. Duncan M.,Haldane,Physics,4,for theoretical discoveries of topological phase transitions and topological phases of matter,929,male,1951-09-14,United Kingdom,London,GB,,,,,Princeton University,Princeton NJ,USA,1951
2016,David J.,Thouless,Physics,2,for theoretical discoveries of topological phase transitions and topological phases of matter,928,male,1934-09-21,United Kingdom,Bearsden,GB,2019-04-06,United Kingdom,Cambridge,GB,University of Washington,Seattle WA,USA,1934
2016,Yoshinori,Ohsumi,Medicine,1,for his discoveries of mechanisms for autophagy,927,male,1945-02-09,Japan,Fukuoka,JP,,,,,Tokyo Institute of Technology,Tokyo,Japan,1945
2016,Jean-Pierre,Sauvage,Chemistry,3,for the design and synthesis of molecular machines,931,male,1944-10-21,France,Paris,FR,,,,,University of Strasbourg,Strasbourg,France,1944
2017,International Campaign to Abolish Nuclear Weapons,,Peace,1,for its work to draw attention to the catastrophic humanitarian consequences of any use of nuclear weapons and for its ground-breaking efforts to achieve a treaty-based prohibition of such weapons,948,org,,,,,,,,,,,,2007
2017,Kazuo,Ishiguro,Literature,1,who in novels of great emotional force has uncovered the abyss beneath our illusory sense of connection with the world,947,male,1954-11-08,Japan,Nagasaki,JP,,,,,,,,1954
2017,Richard,Henderson,Chemistry,3,for developing cryo-electron microscopy for the high-resolution structure determination of biomolecules in solution,946,male,1945-07-19,Scotland,Edinburgh,GB,,,,,MRC Laboratory of Molecular Biology,Cambridge,United Kingdom,1945
2017,Joachim,Frank,Chemistry,3,for developing cryo-electron microscopy for the high-resolution structure determination of biomolecules in solution,945,male,1940-09-12,Germany,Siegen,DE,,,,,Columbia University,New York NY,USA,1940
2017,Jacques,Dubochet,Chemistry,3,for developing cryo-electron microscopy for the high-resolution structure determination of biomolecules in solution,944,male,1942-06-08,Switzerland,Aigle,CH,,,,,University of Lausanne,Lausanne,Switzerland,1942
2017,Kip S.,Thorne,Physics,4,for decisive contributions to the LIGO detector and the observation of gravitational waves,943,male,1940-06-01,USA,Logan UT,US,,,,,LIGO/VIRGO Collaboration,,,1940
2017,Richard H.,Thaler,Economics,1,for his contributions to behavioural economics,949,male,1945-09-12,USA,East Orange NJ,US,,,,,University of Chicago,Chicago IL,USA,1945
2017,Rainer,Weiss,Physics,2,for decisive contributions to the LIGO detector and the observation of gravitational waves,941,male,1932-09-29,Germany,Berlin,DE,,,,,LIGO/VIRGO Collaboration,,,1932
2017,Michael W.,Young,Medicine,3,for their discoveries of molecular mechanisms controlling the circadian rhythm,940,male,1949-03-28,USA,Miami FL,US,,,,,Rockefeller University,New York NY,USA,1949
2017,Michael,Rosbash,Medicine,3,for their discoveries of molecular mechanisms controlling the circadian rhythm,939,male,1944-03-07,USA,Kansas City MO,US,,,,,Brandeis University,Waltham MA,USA,1944
2017,Jeffrey C.,Hall,Medicine,3,for their discoveries of molecular mechanisms controlling the circadian rhythm,938,male,1945-05-03,USA,New York NY,US,,,,,University of Maine,Maine ME,USA,1945
2017,Barry C.,Barish,Physics,4,for decisive contributions to the LIGO detector and the observation of gravitational waves,942,male,1936-01-27,USA,Omaha NE,US,,,,,LIGO/VIRGO Collaboration,,,1936
2018,Olga,Tokarczuk,Literature,1,for a narrative imagination that with encyclopedic passion represents the crossing of boundaries as a form of life,979,female,1962-01-29,Poland,Sulechów,PL,,,,,,,,1962
2018,Paul M.,Romer,Economics,2,for integrating technological innovations into long-run macroeconomic analysis,969,male,,USA,Denver CO,US,,,,,NYU Stern School of Business,New York NY,USA,1955
2018,William D.,Nordhaus,Economics,2,for integrating climate change into long-run macroeconomic analysis,968,male,1941-05-31,USA,Albuquerque NM,US,,,,,Yale University,New Haven CT,USA,1941
2018,Nadia,Murad,Peace,2,for their efforts to end the use of sexual violence as a weapon of war and armed conflict,967,female,,Iraq,Kojo,IQ,,,,,,,,1993
2018,Denis,Mukwege,Peace,2,for their efforts to end the use of sexual violence as a weapon of war and armed conflict,966,male,1955-03-01,Belgian Congo (now Democratic Republic of the Congo),Bukavu,CD,,,,,,,,1955
2018,Sir Gregory P.,Winter,Chemistry,4,for the phage display of peptides and antibodies,965,male,1951-04-14,United Kingdom,Leicester,GB,,,,,MRC Laboratory of Molecular Biology,Cambridge,United Kingdom,1951
2018,George P.,Smith,Chemistry,4,for the phage display of peptides and antibodies,964,male,1941-03-10,USA,Norwalk CT,US,,,,,University of Missouri,Columbia,USA,1941
2018,Frances H.,Arnold,Chemistry,2,for the directed evolution of enzymes,963,female,1956-07-25,USA,Pittsburgh PA,US,,,,,California Institute of Technology (Caltech),Pasadena CA,USA,1956
2018,Gérard,Mourou,Physics,4,for their method of generating high-intensity ultra-short optical pulses,961,male,1944-06-22,France,Albertville,FR,,,,,École Polytechnique,Palaiseau,France,1944
2018,Arthur,Ashkin,Physics,2,for the optical tweezers and their application to biological systems,960,male,1922-09-02,USA,New York NY,US,2020-09-21,USA,Rumson NJ,US,Bell Laboratories,Holmdel NJ,USA,1922
2018,Tasuku,Honjo,Medicine,2,for their discovery of cancer therapy by inhibition of negative immune regulation,959,male,1942-01-27,Japan,Kyoto,JP,,,,,Kyoto University,Kyoto,Japan,1942
2018,James P.,Allison,Medicine,2,for their discovery of cancer therapy by inhibition of negative immune regulation,958,male,1948-08-07,USA,Alice TX,US,,,,,Parker Institute for Cancer Immunotherapy,San Francisco CA,USA,1948
2018,Donna,Strickland,Physics,4,for their method of generating high-intensity ultra-short optical pulses,962,female,1959-05-27,Canada,Guelph,CA,,,,,University of Waterloo,Waterloo,Canada,1959
2019,Akira,Yoshino,Chemistry,3,for the development of lithium-ion batteries,978,male,1948-01-30,Japan,Suita,JP,,,,,Asahi Kasei Corporation,Tokyo,Japan,1948
2019,Abhijit,Banerjee,Economics,3,for their experimental approach to alleviating global poverty,982,male,1961-02-21,India,Mumbai,IN,,,,,Massachusetts Institute of Technology (MIT),Cambridge MA,USA,1961
2019,Michael,Kremer,Economics,3,for their experimental approach to alleviating global poverty,984,male,1964-11-12,USA,New York NY,US,,,,,Harvard University,Cambridge MA,USA,1964
2019,Peter,Handke,Literature,1,for an influential work that with linguistic ingenuity has explored the periphery and the specificity of human experience,980,male,1942-12-06,Austria,Griffen,AT,,,,,,,,1942
2019,Esther,Duflo,Economics,3,for their experimental approach to alleviating global poverty,983,female,1972-10-25,France,Paris,FR,,,,,Massachusetts Institute of Technology (MIT),Cambridge MA,USA,1972
2019,M. Stanley,Whittingham,Chemistry,3,for the development of lithium-ion batteries,977,male,1941-12-22,United Kingdom,,GB,,,,,Binghamton University State University of New York,New York NY,USA,1941
2019,Abiy,Ahmed Ali,Peace,1,for his efforts to achieve peace and international cooperation and in particular for his decisive initiative to resolve the border conflict with neighbouring Eritrea,981,male,1976-08-15,Ethiopia,Beshasha,ET,,,,,,,,1976
2019,Didier,Queloz,Physics,4,for the discovery of an exoplanet orbiting a solar-type star,975,male,1966-02-23,Switzerland,Geneva,CH,,,,,University of Geneva,Geneva,Switzerland,1966
2019,Michel,Mayor,Physics,4,for the discovery of an exoplanet orbiting a solar-type star,974,male,1942-01-12,Switzerland,Lausanne,CH,,,,,University of Geneva,Geneva,Switzerland,1942
2019,James,Peebles,Physics,2,for theoretical discoveries in physical cosmology,973,male,1935-04-25,Canada,Winnipeg,CA,,,,,Princeton University,Princeton NJ,USA,1935
2019,Gregg,Semenza,Medicine,3,for their discoveries of how cells sense and adapt to oxygen availability,972,male,1956-07-12,USA,New York NY,US,,,,,Johns Hopkins University,Baltimore MD,USA,1956
2019,Peter,Ratcliffe,Medicine,3,for their discoveries of how cells sense and adapt to oxygen availability,971,male,1954-05-14,United Kingdom,Lancashire,GB,,,,,University of Oxford,Oxford,United Kingdom,1954
2019,William,Kaelin,Medicine,3,for their discoveries of how cells sense and adapt to oxygen availability,970,male,1957-11-23,USA,New York NY,US,,,,,Harvard Medical School,Boston MA,USA,1957
2019,John,Goodenough,Chemistry,3,for the development of lithium-ion batteries,976,male,1922-07-25,Germany,Jena,DE,,,,,University of Texas,Austin TX,USA,1922
2020,Robert,Wilson,Economics,2,for improvements to auction theory and inventions of new auction formats,996,male,1937-05-16,USA,Geneva NE,US,,,,,Stanford University,Stanford CA,USA,1937
2020,Paul,Milgrom,Economics,2,for improvements to auction theory and inventions of new auction formats,995,male,1948-04-20,USA,Detroit MI,US,,,,,Stanford University,Stanford CA,USA,1948
2020,World Food Programme,,Peace,1,for its efforts to combat hunger for its contribution to bettering conditions for peace in conflict-affected areas and for acting as a driving force in efforts to prevent the use of hunger as a weapon of war and conflict,994,org,,,,,,,,,,,,1961
2020,Louise,Glück,Literature,1,for her unmistakable poetic voice that with austere beauty makes individual existence universal,993,female,1943-04-22,USA,New York NY,US,,,,,,,,1943
2020,Jennifer A.,Doudna,Chemistry,2,for the development of a method for genome editing,992,female,1964-02-19,USA,Washington D.C.,US,,,,,University of California,Berkeley CA,USA,1964
2020,Emmanuelle,Charpentier,Chemistry,2,for the development of a method for genome editing,991,female,1968-12-11,France,Juvisy-sur-Orge,FR,,,,,Max Planck Unit for the Science of Pathogens,Berlin,Germany,1968
2020,Reinhard,Genzel,Physics,4,for the discovery of a supermassive compact object at the centre of our galaxy,989,male,1952-03-24,Germany,Bad Homburg vor der Höhe,DE,,,,,Max Planck Institute for Extraterrestrial Physics,Garching,Germany,1952
2020,Roger,Penrose,Physics,2,for the discovery that black hole formation is a robust prediction of the general theory of relativity,988,male,1931-08-08,United Kingdom,Colchester,GB,,,,,University of Oxford,Oxford,United Kingdom,1931
2020,Charles,Rice,Medicine,3,for the discovery of Hepatitis C virus,987,male,1952-08-25,USA,Sacramento CA,US,,,,,Rockefeller University,New York NY,USA,1952
2020,Michael,Houghton,Medicine,3,for the discovery of Hepatitis C virus,986,male,,United Kingdom,,GB,,,,,University of Alberta,Edmonton,Canada,1949
2020,Harvey,Alter,Medicine,3,for the discovery of Hepatitis C virus,985,male,1935-09-12,USA,New York NY,US,,,,,National Institutes of Health,Bethesda MD,USA,1935
2020,Andrea,Ghez,Physics,4,for the discovery of a supermassive compact object at the centre of our galaxy,990,female,1965-06-16,USA,New York NY,US,,,,,University of California,Los Angeles CA,USA,1965
2021,Abdulrazak,Gurnah,Literature,1,for his uncompromising and compassionate penetration of the effects of colonialism and the fate of the refugee in the gulf between cultures and continents,1004,male,,,,,,,,,,,,1948
2021,Joshua,Angrist,Economics,4,for their methodological contributions to the analysis of causal relationships,1008,male,1960-09-18,USA,Columbus OH,US,,,,,Massachusetts Institute of Technology (MIT),Cambridge MA,USA,1960
2021,David,Card,Economics,2,for his empirical contributions to labour economics,1007,male,,Canada,Guelph,CA,,,,,University of California,Berkeley CA,USA,1956
2021,Dmitry,Muratov,Peace,2,for their efforts to safeguard freedom of expression which is a precondition for democracy and lasting peace,1006,male,,USSR (now Russia),Kubyshev (now Samara),RU,,,,,,,,1961
2021,Guido,Imbens,Economics,4,for their methodological contributions to the analysis of causal relationships,1009,male,1963-09-03,the Netherlands,Geldrop,NL,,,,,Stanford University,Stanford CA,USA,1963
2021,Maria,Ressa,Peace,2,for their efforts to safeguard freedom of expression which is a precondition for democracy and lasting peace,1005,female,1963-10-02,Philippines,Manila,PH,,,,,,,,1963
2021,David,MacMillan,Chemistry,2,for the development of asymmetric organocatalysis,1003,male,1968-03-16,United Kingdom,Bellshill,GB,,,,,Princeton University,Princeton NJ,USA,1968
2021,Syukuro,Manabe,Physics,4,for the physical modelling of Earth’s climate quantifying variability and reliably predicting global warming,999,male,1931-09-21,Japan,Shingu Ehime,JP,,,,,Princeton University,Princeton NJ,USA,1931
2021,Giorgio,Parisi,Physics,2,for the discovery of the interplay of disorder and fluctuations in physical systems from atomic to planetary scales,1001,male,1948-08-04,Italy,Rome,IT,,,,,Sapienza University of Rome,Rome,Italy,1948
2021,Klaus,Hasselmann,Physics,4,for the physical modelling of Earth’s climate quantifying variability and reliably predicting global warming,1000,male,1931-10-25,Germany,Hamburg,DE,,,,,Max Planck Institute for Meteorology,Hamburg,Germany,1931
2021,Ardem,Patapoutian,Medicine,2,for their discoveries of receptors for temperature and touch,998,male,,Lebanon,Beirut,LB,,,,,Scripps Research,La Jolla CA,USA,1967
2021,David,Julius,Medicine,2,for their discoveries of receptors for temperature and touch,997,male,1955-11-04,USA,New York NY,US,,,,,University of California,San Francisco CA,USA,1955
2021,Benjamin,List,Chemistry,2,for the development of asymmetric organocatalysis,1002,male,1968-01-11,Germany,Frankfurt-on-the-Main,DE,,,,,Max-Planck-Institut für Kohlenforschung,Mülheim an der Ruhr,Germany,1968
2022,Ben,Bernanke,Economics,3,for research on banks and financial crises,1021,male,1953-12-13,USA,Augusta GA,US,,,,,The Brookings Institution,Washington D.C.,USA,1953
2022,Center for Civil Liberties,,Peace,3,The Peace Prize laureates represent civil society in their home countries. They have for many years promoted the right to criticise power and protect the fundamental rights of citizens. They have made an outstanding effort to document war crimes human right abuses and the abuse of power. Together they demonstrate the significance of civil society for peace and democracy.,1020,org,,,,,,,,,,,,2007
2022,Memorial,,Peace,3,The Peace Prize laureates represent civil society in their home countries. They have for many years promoted the right to criticise power and protect the fundamental rights of citizens. They have made an outstanding effort to document war crimes human right abuses and the abuse of power. Together they demonstrate the significance of civil society for peace and democracy.,1019,org,,,,,,,,,,,,1987
2022,Ales,Bialiatski,Peace,3,The Peace Prize laureates represent civil society in their home countries. They have for many years promoted the right to criticise power and protect the fundamental rights of citizens. They have made an outstanding effort to document war crimes human right abuses and the abuse of power. Together they demonstrate the significance of civil society for peace and democracy.,1018,male,1962-09-25,Russia,Vyartsilya Karelia,RU,,,,,,,,1962
2022,Annie,Ernaux,Literature,1,for the courage and clinical acuity with which she uncovers the roots estrangements and  collective restraints of personal memory,1017,female,1940-09-01,France,Lillebonne,FR,,,,,,,,1940
2022,Morten,Meldal,Chemistry,3,for the development of click chemistry and bioorthogonal chemistry,1016,male,,Denmark,Copenhagen,DK,,,,,University of Copenhagen,Copenhagen,Denmark,1954
2022,Anton,Zeilinger,Physics,3,for experiments with entangled photons establishing the violation of Bell inequalities and  pioneering quantum information science,1014,male,1945-05-20,Austria,Ried im Innkreis,AT,,,,,University of Vienna,Vienna,Austria,1945
2022,John F.,Clauser,Physics,3,for experiments with entangled photons establishing the violation of Bell inequalities and  pioneering quantum information science,1013,male,1942-12-01,USA,Pasadena CA,US,,,,,J.F. Clauser & Assoc.,Walnut Creek CA,USA,1942
2022,Alain,Aspect,Physics,3,for experiments with entangled photons establishing the violation of Bell inequalities and  pioneering quantum information science,1012,male,1947-06-15,France,Agen,FR,,,,,Institut d’Optique Graduate School – Université Paris-Saclay,Paris,France,1947
2022,Svante,Pääbo,Medicine,1,for his discoveries concerning the genomes of extinct hominins and human evolution,1011,male,1955-04-20,Sweden,Stockholm,SE,,,,,Max Planck Institute for Evolutionary Anthropology,Leipzig,Germany,1955
2022,Barry,Sharpless,Chemistry,3,for the development of click chemistry and bioorthogonal chemistry,743,male,1941-04-28,USA,Philadelphia PA,US,,,,,Scripps Research,La Jolla CA,USA,1941
2022,Douglas,Diamond,Economics,3,for research on banks and financial crises,1022,male,1953-10-25,USA,Chicago IL,US,,,,,University of Chicago,Chicago IL,USA,1953
2022,Carolyn,Bertozzi,Chemistry,3,for the development of click chemistry and bioorthogonal chemistry,1015,female,1966-10-10,USA,Boston MA,US,,,,,Stanford University,Stanford CA,USA,1966
2022,Philip,Dybvig,Economics,3,for research on banks and financial crises,1023,male,1955-05-22,USA,Gainesville FL,US,,,,,Washington University,St. Louis MO,USA,1955
